id,label
59218,1
37110,1
23200,1
e3357348-166e-4847-a06d-158b7cd83aa5,1
61615,1
34573,1
45523,1
66270,1
30996,1
cb20b1df-7f3b-4592-94cd-92bedb3f6603,1
e835cca5-f680-4a90-8351-8f10b208f9e2,0
138772c1-6135-4bba-8ca0-bd9918bc6083,1
42517,1
8747d182-c9b7-499a-9ebf-7174e42d91c3,1
4dd21448-b1f4-421c-9690-4c4737304762,1
24966,1
74454,1
580a8d5c-1bf0-4724-83df-a306421c23d9,1
40035,1
24147,0
6563,1
48161,1
52412,1
8c52f442-0488-42a1-865e-247ceb5cf186,1
63658,1
28859,1
42172,1
74039,1
40963,1
f855b84e-b174-432a-8910-149a0d193377,0
49797,1
204b69c6-0bb4-4e05-82bf-e331bb2feaa0,1
2965,1
30192,1
21920,1
6318913c-7efd-4e93-8741-e413aaad0f70,1
45768,0
37615,1
a3b96601-cbf7-43af-a64a-6ea8effa8574,1
12044834-3c22-4b33-8116-c7741c51100f,1
51231,1
15538,1
35787,1
67896,0
d0cd56ec-8363-492c-a6dd-786c5ac2e4f4,1
cd41aed0-3c2d-49fe-8a9a-1c57e094e3c2,1
9896,0
51595,1
3386,1
545,0
51739,1
57128,1
13566,1
65878,1
4586,1
36255,1
63438,1
34520,1
38015,1
15585,1
40530,1
03c8ff62-338f-4364-9d45-7279d55d1e3c,1
51608,1
16405,1
fc32e6ba-28b4-4904-bc55-1840dd7a87db,1
18586,1
16679,1
55338,1
26021,1
11338,1
35577,1
63851,1
56566,1
5e238bb9-ef3d-4c9c-b019-7fec8ca35506,0
42080,1
9d62f834-731d-496b-a8cc-535c86dfa286,1
26985,1
f6509d46-e0b6-4dc6-b994-65ac5cc6f8b1,1
7149,1
49542,1
f25f06ee-f153-4e89-9e61-9138cdd18921,0
9485,1
18831,1
60387,1
39417,1
41409,1
0aea2b44-5328-4c73-80fd-1939c37341eb,1
2442,1
36244,1
7422,1
90dc1b02-0d16-416c-8290-09d2d977a3be,1
18279,1
49373,1
9dc6743f-ba20-4f4c-b91b-75f0112b4256,1
60314,1
263867b8-aa6d-415b-809d-8524d58c9ef6,1
bc0f1f7a-c833-43a4-9bc9-b5c1ff18f625,0
5906,1
27752,1
64076,1
63709,1
65789,1
804,1
43d89283-41f9-4b86-acbb-8b9503975815,1
11623,1
43201,1
6289,0
27561,1
1d97c428-b471-42ca-af5e-df15155eae1f,1
22919,1
62664,1
0368b763-1d93-47c8-be0a-a1f9e4cffc2a,1
911dd065-c810-4129-85b9-414f40c116b3,1
d746af53-a96a-4896-91dc-3827f841bff4,0
40008,1
bf1f2bb5-dff7-4135-9f84-7c65010c8e52,0
23836,1
2e83ca20-03ae-4655-b70d-dff5a720077e,0
f87239dc-733e-414f-a7f3-e27df2a7ed59,0
21958,1
16918,0
06d39651-8d29-481c-a2ab-5b125fc8028d,0
92662d47-5a4e-4866-b92f-cfd912559d61,1
2286,1
38199,1
21731,1
f1af566a-be9a-403a-808f-acd916332f91,1
aba3603d-1850-4fc5-8150-1dcb572a4171,1
41906,1
261a6f53-ca3d-41d3-8a14-91856f91f27c,1
46901d4a-c75b-4d16-b4c5-4e59d42ec621,1
44187,0
25550,1
47459,1
72685,1
39c73991-9f25-4d07-85ea-9349c706235d,1
51694,1
14252,1
17068,1
35682,1
f4b108b6-6515-468f-9c74-6f146912524e,0
5930,1
fb72a46f-6cec-4c26-8d11-fbe573b99eed,1
73818,1
45674,1
38280253-d4ac-4ac0-a57a-6bd2904bf174,0
41439,1
63236,1
23894,0
f7caf337-ca4d-4fdf-9821-3612ddce934f,1
4297,1
d8b31e6b-0496-4796-a3b5-a621f7189f67,1
7314,1
62e33937-e5de-4d5b-b225-86246e96eda1,0
21280,1
66338,1
6721,0
da840c87-e569-4ce4-9af7-aa73ce5e5a4f,0
46827ca3-b2f1-48ec-8ca3-9e49f5271964,1
0d132844-ae01-4ecc-9ced-1e25ecd4936f,1
56200,1
70547,1
28757,1
44040,1
68172,1
28848,1
39879,1
46805,1
54455,1
60480,1
cd54338f-fc99-48c1-900d-e4d0023aa4b7,0
61230,1
468,0
55276,1
49763,1
5f104f48-4eab-4097-b8db-1e85fc7f6c93,0
2623,1
63235,1
62986,1
828e3e3d-2163-49ac-bac2-e09755ba393f,1
e22a4873-a244-440a-9601-28f89180c2da,1
13631ea8-a838-42c9-9de6-944fa116b11d,0
27525,1
8301,1
41825,1
67050,1
37862,1
4ecd6578-f281-4e1e-a8fb-2bb965336183,1
57881,1
8565,1
0cbe2eb1-2e0d-4edc-8697-3b468099d3a7,1
49288,1
33821,1
68856,1
62de3b68-726b-4cc5-bd50-41e444fa3cf4,1
57036,1
e39b3a7f-b4db-4973-b8e7-c040e5f4240f,1
8b5dda5d-54f9-44f6-a034-d14feca81c85,0
41483,0
25052,0
44557,0
0652bfa6-c85e-46de-a9c8-a13a82516121,1
72109,0
51176,1
22381,1
62547,1
afd96d0f-0919-43d0-98ec-251c300eefe5,0
8cf275b4-a63a-4742-b9a6-54f3c61a62a5,1
60370,1
29677,1
28748,1
64168,0
55315,1
43357,1
1f64e62f-eb1a-4bda-bd3e-f8b57dbf13d9,1
cda9f90f-4015-4bd4-8168-415831f251b3,0
4852,1
69094,1
9fa04840-604f-4143-8c70-c8332ba3de83,1
47851,1
17617,1
13709,1
5191,1
22546,0
4b5efc3a-7e5e-4881-aa68-e1e4a2aa0c5a,1
7aebdbf8-7ae1-449e-a83e-18c4f0a15b0d,0
47342,1
12550,1
471a395c-fb4f-47e9-937c-4d55322fb01f,1
1570,1
73ac83fd-4889-446a-ba42-05ae79b42bc5,0
55967,1
3117,1
18918,1
44037,1
13930,1
38040,1
b75a3e87-8e80-4eb4-9594-6f6a261aee30,1
a7b688e7-66e4-4246-9720-d53f101d6c05,1
24068,1
65083,1
29392,1
56555,1
56363,0
11656,1
39700,1
49138,1
61579,1
9f744c35-8584-4fe4-89a4-74397cd49398,1
66807,1
15505,1
15456,1
17473,1
bf5ede59-012c-4dce-9a30-15fe8cefbdfd,1
45438,1
37491,1
22583,1
8160c8b4-dbfe-49ba-a88f-f247ccc49323,1
42565,1
611aeb86-5347-43ec-853e-9c7221f49fc4,1
3637,1
7f75e73e-25bc-4e2e-bc88-ea8c2119bdb4,1
1432,0
d6e3e309-ae43-4a1b-9933-9fd577e705a0,1
461033cf-8fdd-4e4a-a324-74abfc40eb55,0
55497,1
42678,1
26334,1
9761f883-89bc-4c4a-ba63-c41e57bd11ca,1
18145,1
33473,1
7562,1
11205,0
54576,0
22131,1
66472,1
46403,1
57249,1
53771,1
69381,1
158e4891-e17c-4582-ad67-87d9b2addbe0,1
9388,1
c692b65f-b2af-4270-8caf-590f2084b3a8,1
48304,1
3169,0
39336,1
58855,1
45535,1
51832,1
7bf6a9f7-67a4-4f33-9260-7852fe724a76,1
48061,1
514d02a2-7608-4fde-9fda-fd63ebf32341,1
68498,1
23027,1
4f95a13c-7cd5-4cfb-9766-cd4f623cd562,1
ac92caff-0ce5-4131-9fef-36f715bd5a2f,1
41368,1
1aa25c4d-550e-47d2-bca8-195ff8248cf5,1
65871,1
50678,0
44933,0
701eac86-8ddf-495d-883e-8f7725f0c896,0
71601,0
40859,1
15410,1
8571,1
d8c699e4-5d73-46ff-a15e-ba12d5657761,1
04d383bf-f56e-414e-8e08-198b1b2d016e,1
33236,1
38037,0
23410,1
575283f5-2c16-41e7-bb1d-5aa3f119a9bc,0
87641140-4b5f-49d7-b05c-6567ad4a01cd,1
2888,0
12475,1
59699,1
1664,1
15717,1
16943,1
8019,0
33712,1
b79ca9ee-7375-4b9b-ba3b-33efb6028555,0
33084,1
18cf5f5c-7c7e-4911-9b6c-9549ac517782,1
bd474b3d-749d-441a-9ff3-80f7647dab66,0
25734,0
6196,1
47291,0
68375,1
52794,1
47650,1
9c2f07d8-f2bc-4e1a-af87-9fda0aedd87d,1
980063e3-7121-442c-9bf9-2ecd02812a0d,1
45920,1
38916,1
2485,1
22955,1
27195,1
aee78ec9-88a9-424c-b89b-246949735d5a,1
1de54663-3ac1-4c49-8245-c8ef0a129fed,1
353add83-16a4-45bb-af0f-e92def7d4185,1
35188,1
73aa66a3-f51c-437b-81a6-6db9542755e6,1
33204,1
29922,1
51b9e91a-67a7-4822-8b9e-d1c8be0b4e3d,1
3744,0
63569,1
19821,1
c1344733-7363-4dca-8148-2814267cd05a,1
31178,1
44089,1
13946,1
1062,1
4010,0
25508,1
74245,1
13372,1
24206,0
24383,1
f82825cd-8284-4d36-af64-d13e0d2ab3d4,0
34445,0
31119,1
85c91d8f-bd27-409d-b04e-0e7bb3f8a899,0
3c1587b8-5af0-4b03-9a4b-cffc12dd3ad7,1
4801ac53-7e65-477c-90bd-24ece2800264,1
31063,1
29385,0
52581,0
416466f7-307e-4363-98d8-ec7e63cd5c44,0
38520,1
72738,1
94fdd0a1-fc6f-4ac1-92cf-7db78c724749,0
3327,1
70929,1
36983,1
67497,1
21127,1
53273,1
8119,0
bdd85dc6-3f14-4e32-95b2-e687997d54d5,1
922bcc0d-baee-4f92-bee6-e4478263ec5d,0
36697,1
27968,1
24777,1
0696a416-97d8-43eb-99aa-3795926d0466,0
25477,1
10968,1
1106,1
32277,1
57800f76-d28a-4548-a615-9d6deb942d1a,0
3b17b61f-2e0a-4076-98be-a135fdaa2b00,1
e9a8a586-db55-496b-8476-c70ab19d3234,1
14598,1
107ee425-a2b8-4c09-b519-4266b15f7426,1
98c02877-63a6-4977-ac4a-5a2c34396b1a,1
64808,0
64121,1
46201,1
66635,1
55762,1
091cf793-e1fe-4d30-81b4-3775be3ae169,0
73457,1
37654,1
53163,0
35732,1
ab4ea9bb-5813-4e8c-a782-45336e617a21,1
59673,1
26881,1
72445,1
935ea93e-2131-4df4-81d9-aec88dda6b97,0
16765,1
cf0ba765-05d6-4a87-96a5-f51768839b4b,0
40174,1
4ccea6c6-d84e-457e-b1a3-d5d70db6ff88,0
60635,1
1018,1
a4a1678d-657a-40ad-8258-7b367074cd38,1
29453,1
788,1
fea6aa52-2bec-4d5e-a938-f90f37453983,1
32885,1
62238,1
56789,1
71228db8-023f-4d1a-bb84-ccebe8a2be57,1
34490,1
52937,1
3655,1
439d588a-525c-4350-8de3-685dd214887e,1
52836,1
66928,1
44627,0
23757,1
bd47cacf-6dbb-4bdd-8ba4-27b0734736f6,0
427e1293-e6ba-4ee6-952e-d9f72e0ce040,1
57336,1
8679,1
41674,1
73365,1
32468,1
b4e77e1f-9c6b-486c-b55d-09317ea4c24d,0
63954,1
12607,0
6e0cb933-5c90-4404-b7e5-f0e3778262ea,1
cea3136f-bec3-4d22-ba13-b0952603fc7e,1
10588,1
58987,1
13820,1
48680,1
13348,1
d14b50b3-a9d2-4ecd-a3b9-d07eab412b2c,1
259074d9-a548-4a98-8436-f2c45a85241a,1
19121,1
5e35287f-49bc-4d7b-a299-9bf7e8267b77,1
54732,1
39602,1
1086,1
2860,1
32581,1
67541b80-639f-49ec-906f-0ccafa3e87b4,1
191add95-036d-47cb-ac8a-f3bee7102ae9,1
2294,1
d8def154-d940-467a-ac08-bfee761b9b05,0
fc4375fe-f581-491f-a913-a2150920446d,1
31702,1
af8837c4-9f3a-40d0-afda-3f8ed6ce78e4,1
48571,1
59167,1
11429,1
67753,1
67911,0
0370c570-c5b0-4619-813a-b6c3ff932a28,1
310fbfa2-fdef-43cb-98c9-2f57e43621a1,0
51183,1
33430,1
10397,1
623a8689-908f-4f01-814b-7ae32f13dafd,1
782b5bf3-bca5-4404-9e5c-b3b1fd294fda,1
32870,1
46449,1
67104,1
19208,0
6071bc73-6eb7-40cd-8a6b-ec5f54ff0d3e,0
bda5b04a-eb41-4245-afeb-9e3af7c921db,1
60184,1
38275,1
46374,0
14539,0
acc14519-27f4-40b9-a772-7c75a1bd4d8b,0
14842,1
4882,1
74205,1
54465,1
35483,1
55304,1
14592,1
53957,1
45103,1
49540,1
402,1
27376,0
37724,0
6fc8b01a-4269-4b7b-a4e0-e446b15954f1,1
03e8684d-ab55-4518-8af5-dcbe814b32c3,1
41502,1
52846,1
36154,1
19923,0
ce6e056f-1aee-4223-a117-daa9ac2795a4,1
41840,1
13559,1
3794152d-f356-4110-be7e-21de4fe4281f,1
26735,1
aaab8aa0-abb1-4496-b377-de3c85e86607,1
16878,1
67745,1
19741,1
41039,1
6328,0
17392,1
008f0430-f915-461b-9171-a38ed2d9c1d7,1
72054,0
8090,1
454a5290-9c98-48da-9825-df8e67839088,1
39135,1
cf48fea2-5dfa-4546-8e40-c7ee17781680,0
31673,1
46563,0
48988,1
34345,1
13870,1
73925,1
28252,1
df797bed-c36b-424c-a85b-50c634288462,0
73745,1
f7a663ea-5151-46ef-9424-a7fdbef0b8f5,0
e4936c57-e1a9-4231-a786-043a90251080,1
49407,1
7370,1
13758,0
30091,1
63711,0
43445,1
72802,1
bebd6df9-4616-443f-8c39-6277a6917181,0
8b083a9b-a5a3-4ff8-a8e7-adb0cca3c07e,1
58155,0
03ccae6f-e672-4276-9c8c-7d46923b99f9,0
43295,1
69337,0
28572,1
34887,1
99707a2d-e880-49de-a153-e6adf35a57ca,0
25404,1
53918,1
192f13cf-9dc6-4777-8809-601e5a6e5758,0
25038,1
51124,1
1a0ff9ee-3912-4def-9749-1d30595bbd7c,1
22540,1
73790,1
c60c1607-59aa-4844-8336-437119ac4c7a,1
25530,1
16387,1
62597,1
60688,1
50653,1
23018,1
56082,1
1ebf7dae-c013-431a-a65d-59fd241fb4f7,0
72038,1
e30509bb-0080-47e8-b2da-1a0f12787156,0
9ee2cef7-cc54-4fd3-9a04-8fd01f8ebc5e,1
33b4dc2d-2c34-409e-bc43-ff86c7ecd49d,0
51366,1
11063,1
20543,1
73158,1
6c2cccb8-ce83-41e0-92f6-bc6fcbe0ad99,1
65885,1
b88c18b5-2cb1-43e7-825c-5180ac866b06,1
8ec20fb6-7ad9-4c5b-9b16-13c24fd6ee06,1
46411,1
14125,1
5119,1
5680,1
16222,1
7f879180-c728-4269-bca8-b652543ab97a,0
55223,1
a8bd21dc-ba62-41cb-a5c2-d644b844059d,0
30808,1
51375,1
64770,1
61553,1
1339,1
15517,1
9688,1
9644,1
73506,1
37085,1
15806,1
59821,1
36229,1
17c67d22-261d-441f-83e0-62386d8e3fff,0
40564,1
31472,1
63645,1
74119,0
13794,1
60723,1
69008,1
61347,1
69720,1
54880,1
60b74d7a-248d-4503-b91d-2bc5505c5093,1
42403,0
19650,1
53558,1
c93515be-1a7f-4ba2-98eb-368a6cb83872,1
25637,1
7368,1
7133,1
8fd01384-e9d9-46b7-8258-2356bee576e2,0
c9b3559a-29ef-4a2f-8eec-32973352b4de,0
62522,1
10500,1
65797,0
42510,0
64535,0
8ef0f2cc-e15d-41fc-8c2e-3c68b9b55921,1
26604,1
34152,0
74529,1
18304,0
72250,1
42408,0
74361,1
9484,1
10769,1
11892,1
145,1
40562,1
8022,1
40696,1
58273,1
348d9ba1-4268-426f-8102-bde47d1bdbc4,1
516,0
aee876e9-6f82-4ac7-b399-3ec155e5cb5f,1
11746,1
c69bdf2f-948b-4fde-8185-07e522a46b2d,1
30504,1
74743,1
7619,1
23273,1
41716751-8aec-4cd7-a5e3-accc0a8897b8,1
20612,1
7d3194da-60a0-4ee8-a291-75e64671b228,1
e93d4268-7d61-402d-8871-9a89b01174df,1
55381,0
42869,1
73284,0
43804,1
25347,1
49566,1
b3bdbe30-3d71-4ea9-91e1-f29a70a0fabc,0
d23d5af8-0de0-4e95-9649-559012b8d27d,0
3430,1
63644,1
00659e89-c6ce-48ff-8f6a-ad7c1fb9daaf,1
57fc792e-7e22-475d-af0d-4966d4ced4f9,1
472ed990-c145-4c37-afc8-6a7ae064b243,1
05265476-7f22-4230-9090-28d3224265e8,1
70561,1
59927,1
53537,1
12299,1
802f5776-8ed5-4f41-96b9-017005f9b961,1
25785,0
71112,1
0ec3d3e8-cdd2-4b79-acd5-3ecdb3bff7dc,0
42235,1
20982,1
51264791-6073-41dd-ac73-d9c7594ef6f6,1
30895,1
33940,1
48473,1
8686c72d-4131-4a55-8286-2de3eab9451c,1
9585,0
1888,1
9f8fc5c6-19e0-4806-85c2-882cdb34bd21,1
de0cfd2e-ebc4-43e9-9243-78c186924035,1
27615,1
59810,1
3123,1
25221,1
45336,1
7a62362b-3934-422a-ae18-611bdc93c866,1
22593,1
51499,1
55780,1
41735,1
36580,1
2acb63ea-0e9a-4c72-904f-813c11503042,1
21182493-8212-44c1-9354-322920b4668d,0
defaebb3-e54f-4104-a03a-cfac4af4b98f,1
69be0832-f38d-48b8-b247-d3e50490a251,1
15351,1
f9dc7b06-7ab3-491b-94a7-64d30e42b95b,1
7d8c7fdb-4102-4224-88eb-7c06ac0c72b3,0
10261,1
56548,1
6410,1
5d49fc39-4ef7-4286-a649-cd5ae76a7d4c,0
22152,0
e5479aea-7b1b-46e0-b9d0-fb1831d2f7d2,1
fecd9c08-47d5-4a24-9b49-cb6905c41d79,1
17459,1
59766,1
66359,1
62221,1
6738,1
d52847e3-3a3c-4498-89a9-0d7081fa25aa,1
11705,1
52820,1
33300,1
70563,1
53623,1
2627283f-38dc-4b46-8531-975d8125be92,1
8594,0
2964,1
59317,1
70154,1
26496,1
66646,1
18f3df5b-a158-4ebc-9c14-fb78c16b655c,1
44556,1
8127,1
28253,1
71498,0
38107,1
d3c9d2b1-0408-42f9-9dcc-ae3d2aedb262,1
34076,1
16678,1
65202,1
32830,1
56441,0
92c983b8-725f-4e3a-b3f8-ceb724fc758b,1
52893,1
63081,1
33844,1
795532e7-2c39-46ce-93ac-c7be6e1cb62b,1
18701,1
d50599d1-f450-4965-b85c-3dbbd9f85b77,1
111d026f-9655-4712-8314-0cbbfdfc86f7,1
16805,1
12086,1
59012,1
44141,1
bb0e4509-a0b4-474f-ad78-1d3f9dca7eab,0
68483,1
16300,1
8b3709f7-df2e-4bfa-ad41-42e47678ac01,1
004c57ff-fe21-4186-907c-4283eac36a9f,1
17454,1
69495,1
369e2cc5-e3ba-40dd-9b88-4994555379be,1
98b6b3fa-0830-4c9e-8e17-87502e0a96bc,1
58673,1
62820,1
26692,1
45cbf4c9-7187-403d-9855-3cd66d707811,1
10420,1
14980,1
18394,1
29838,1
46cf5018-3c0c-4520-9480-185b92e176de,0
975fce2a-81ab-4c8b-ac48-f9dc8b45c0ea,0
20057,1
6f5a3f00-b60d-4b9d-b3aa-aa6eea5af726,0
5f966896-9b52-4ec0-9c51-53484d33921d,1
57650,1
66214,1
62416,0
3949db9d-b938-4040-8f8e-9a833196c9d0,1
3723,1
47806,1
22273,1
73bebc28-9609-49d0-96ce-614513112e23,0
977adb77-4f7b-4452-98fd-9ea2a269a5de,0
f73ef7db-4e48-42a8-bf74-1bbb3b57bf2b,1
23036,1
39105,1
17680,0
6b3f1d31-fac8-461e-a1e6-a9a022edfbf7,1
2874,1
49338,1
20059,1
13158,1
51404,1
1dda635d-21ea-4d6b-916f-b4fb76342ba6,0
65336,1
d1033b72-3fd8-438b-9291-428fa4aa9b97,1
42790,1
72105,1
68896,0
10259,1
5121,1
f9521517-58e7-47ff-a9d3-52102ab1b046,0
58627,0
d9cc1721-8d8f-4e4b-9b70-96e25d6455b2,0
12007,1
3633,1
666f8d9f-5ed0-453f-a10a-c277cbab6e88,1
2739,1
56194,1
65536,1
c0aaefe6-50e5-4059-883a-7b56c012412d,1
39691,1
27826,0
58584,0
68864,1
d726ceb2-617e-446e-8b52-54e02da5a524,0
29709,0
19708,1
50284,0
54566c1c-7f59-4a20-961f-2eecfd285170,0
da9d05a6-7737-41cc-a619-55c0a09eeb05,1
36594,1
61328,1
61959,1
25843,1
2ab96972-32f8-4ac6-99fb-df8a2d1b8d9c,0
c3e5ef72-9d0d-422a-85b7-2e4685ec6083,0
45584,1
1513,1
5b9e9522-188b-406f-b18b-db49ccdf1ce4,0
3360,1
6884,1
54254,0
46857,1
60565,1
62974,1
48346,1
58214,0
29620,1
55425,1
23338,1
31652,1
dbe3b5f0-a7ef-4f79-bf88-6227181faae9,1
f61bd102-7490-4177-b707-8bfa6535202c,1
34966,1
ef2bb7bf-f7db-4a43-b9d2-bb252a6d3306,0
43625,1
69426,1
52700,1
58871,1
4431,0
13614,1
13959,1
73515,1
0c4d9cc1-b9e0-4f96-993e-8bb3616d4424,0
53053,1
58813,1
49798,1
56411,1
46529,1
39050,1
9752,0
63605,1
14396,1
60562,1
088968fc-07ce-4ffa-bab0-98b7ae055e24,0
7435dd27-44c4-47e4-96eb-48bc8e92bf3c,0
48852,1
58739,1
b4bf3ade-daf6-4e23-8f96-d1c7f7023b15,1
d4814ca0-5823-49d2-9b0c-b8e4b2707ef8,0
79f10c13-1fec-4732-8c1c-61aefb103c70,0
47163,0
24075,1
52132,1
71032,1
10647,0
88d13721-e257-414c-8428-2a027837550b,0
51421,1
73976,1
20425,1
67542,1
14469,1
02ecccd2-782d-4ae2-94d1-dfc24c84014e,1
5df28613-941f-4760-bd97-849895d744fc,1
12069,0
71242,1
71576035-d0b5-400c-90c3-b53bd9c6f10f,1
65662,1
1814,1
10926,1
31100,1
cb06a984-1ef6-4dc9-b7bd-769d01cfe522,1
58092,1
19978,1
43add997-5d4c-4d58-b31c-770a4dc33e3e,1
ba55abf0-7c39-4f55-8426-6bd01f01b46f,0
31274,1
48071,1
7723,1
15838,1
7664cb5b-7b48-46cb-8da7-51c80d9191e0,1
f8789b53-e4de-4a3a-8c1e-72788d90dfec,0
b1a76443-5c4a-4c11-b0d4-fec32800419f,0
43948,1
39214,1
69069,1
13728,1
55286,1
28630,1
13406,1
45937,0
52245,1
69107,1
74556,1
37922,1
74267,1
1b2da473-38da-46ef-8d05-fe0bc300f2fb,1
29990,1
57393,1
61033,1
7d44cdba-d1c6-4899-9c1f-9c5528d36e5a,0
ddef9bd1-a882-4ab0-8786-35f7ad2651b6,0
0a9f507e-96d7-423d-8911-7751dac2e999,1
24215,1
e809b60f-4b43-4c93-b2ba-7306ca7aaf81,0
74642,1
38423,1
68306,1
34200,1
52347,1
186,1
1743492b-9507-4c1f-9519-89390afef205,1
63383,1
a98c4a1a-ef7c-401c-a3ee-473ad61694af,1
47273,1
9c154dc6-88b1-4df4-b6c4-c74f6711a3bb,1
49332,1
42035,1
11951,1
62076,1
65523,1
35162,1
4117,1
34834,1
35333,1
539a0636-9004-4eb0-b75a-4bf3d4d427a6,0
41778,0
21143,1
67620,1
2421,1
dbb1b219-76c6-4df0-bec8-86431d1e3939,1
f099f5d2-1e83-442b-95e5-035382a887ab,1
22047,1
557445b3-9563-421a-b14d-f67d842052ae,0
739,1
176b6957-a59f-4cb7-a937-a2c049a379eb,0
b68b3120-0593-463f-8470-c1d805477707,1
51632,0
838fa2f7-7719-4a2a-882b-505a7cb3811d,1
59703,1
35952,0
12d2d6b0-29d1-45ab-ad97-ddddbba3471c,1
73071,1
47720cc5-7b54-4046-9e6f-579cd464df1c,1
58250,1
22262,1
7592,1
42512,1
41649,1
70947,1
098da11f-25b4-4565-95d9-b5e1b566a2c4,1
68985,0
14241,1
2977,1
63480,1
52702,1
555dcb49-412f-4332-a563-78359ceddfad,1
14857,1
11105fbb-96ab-43f2-a0fe-617bf9640dea,0
43253,1
92db2f9d-e726-45d9-97a5-2dcba72da059,1
24291,1
7597,1
39630,1
2727c69f-8cb1-4e69-922d-f1526a01d0d4,0
26529,1
65826,1
31b7a186-2a6b-4e80-882f-0c81def96e20,0
44179,1
60642,1
fecec9d5-5b8d-4644-9e0b-81b1822ad60f,0
74043,1
2282,1
71017,1
58965,1
55613,0
3287,1
a4e0dd1b-373a-4798-8015-3bc0215704ab,1
73829,1
c6abe8ca-6496-4653-abe0-78f9cd061532,1
24559,1
74740,1
56931,1
20206,1
7873,1
67023,1
13254,0
26883,1
a72c8e81-a26a-4fee-8f10-e8e7b29c30b8,0
30623,1
70436,1
7297,1
f6bc4c08-6fea-44d6-9c0d-5ed5722ee7d5,0
56755,1
9178,1
66534,1
68284,0
47374,1
66293,1
b316a020-5ee9-4a39-a113-c2d16dd39ba8,1
0cdffa90-fa9d-42dd-846a-f0e970555888,0
48259,1
52009,1
64d9908e-38a8-481e-a833-df7866a45061,1
3a0b79ec-29ea-428d-b30d-a70dad0079e8,1
41040,1
34484,1
615,0
21153,1
2690,1
929e4baa-77e0-4f4a-b706-88449fd9a806,0
59731,1
57753,1
fad34b4d-c46b-4897-ac81-a9d8a65fea5f,1
50693,1
0d7d94fe-e39e-4559-b421-4bc37278f9d2,0
52221,0
16107,1
4567,1
0542fda9-5cd1-4398-bba4-1cc11cd48ed3,0
65952,1
57352,1
d68d1d5d-67af-4613-b364-16e9b9595bd9,1
14379,1
8721,1
18850,1
27486,0
32124,1
57915,0
0726b726-6e37-4570-9698-49c29f5f09ef,1
345e6c4a-36d8-44d1-a4cb-7d3cc973fd37,0
57143,1
58382,1
52720,1
52583,1
9375,1
72484,1
42750,1
47795,1
df112b11-1305-4f5c-9b89-e4fd854ba2a3,1
7b7313e9-1555-4e3c-ac33-63c1ca6714a3,1
62993,1
51123,1
11528,1
11628,1
2320a658-e1ab-401e-91ba-af716e8df7bb,0
42e6ef2f-e66b-4276-89f6-9cf0f48f39d4,0
37194,1
32959,1
23588,1
42881,1
17346,1
e321c510-cbbb-43ba-98c2-d6cc797247bf,1
72974,1
a11cb427-7537-49b6-8cd1-6ffa38d0797a,1
4881b5bf-ae28-4b75-8439-e0e4586101a2,0
68231,1
64071,1
14682,0
51c2c526-eb18-4ac7-bcdb-a74ba3448548,0
50889,1
6f0365fe-d7f1-42fe-ad98-84c4fb60dd8f,0
58113,0
31501,0
8425,0
593,0
50222,1
ca975dd4-1177-416a-8e54-ead074c5d435,1
5593,1
980403fa-a5de-4032-80eb-f62e09d470e7,1
72576,1
8541,1
5341,1
79ecd955-ced7-4225-94dc-170357f031e3,0
8986cbcf-dea0-4d57-b846-04c289d16d0e,1
30530,1
13286,1
30341,1
19715,1
7adc0cd2-e914-4756-87c9-b0414db79b90,0
28402,1
055aecc6-fae5-49cd-8cf4-dd701fa58aed,1
36600,1
61705,1
4757ec6a-0958-44c6-b0b6-0d6849cd6efd,1
57080,1
16706,1
62260,1
38615,1
46287,0
2322,1
55502,1
8764,1
31464,1
728cef39-c236-497e-965d-27380d07f9a1,0
58287,1
57952,1
2481,1
8f331f99-12db-4205-b812-5fe6adc47a78,1
73099,1
875c243d-f4a8-4ef0-92c2-f4ff19c6056b,0
c36bd4a0-c882-4f49-9ddc-6ae10f4448b9,1
17497,1
12653,1
4ae74c8f-0399-4ecf-b4dd-4683e8f887ac,0
22640,1
1c9c97ad-d2dc-424d-bec3-7f4c54b71f03,1
20781,0
a94d4eab-d669-4870-af75-784cb10b2e6a,1
64474,1
23063,1
14967,1
9062,0
4954b447-cc86-4810-8b6f-c970434c3063,0
30327,1
26675,1
48433,1
20546,1
34014,0
f8984232-e675-4c69-a748-43cc21d486ac,1
65501,1
41462,1
36715,1
51343,1
287e8713-3293-423e-8f58-d4f449175f81,1
33530,1
4739,1
74f4ba3f-2b4e-4361-8301-79b91197d022,1
a25c0f0c-ee1a-43d5-8872-da31f4b597c1,1
7990c8e5-28bf-4292-b1d4-09fab300c311,1
34846,1
47945,0
69500,1
37525,1
99e566ca-bf3d-4bf9-ba5f-6e608d47b10b,0
39057,1
2286f7d4-2a62-4f7a-97ba-382c001e5833,1
74142,1
89398201-1e3a-492c-87f4-6293d16fc454,0
64820,1
70689,1
11103432-1032-4563-8cb0-caa8f1f1e530,0
15851,1
20543c61-0366-46ef-916c-f38eb9b6dad6,1
71524,1
1452d545-8927-44de-aa42-36241a2e55b3,0
b0614f98-9549-4863-8aa6-baebb061563c,1
2580,1
57244,1
19853,1
c37b3aac-1fc9-45c1-b7fd-d8e165a564f7,0
2785,1
4705,1
5594,0
33099,1
73076,0
b64887d4-928e-4615-b683-78e1afb94aa3,1
21740,1
c2bbd0ae-7080-4579-9ddc-49c7d9ecce4c,1
61157,1
61994,1
66873,1
57412,1
44012,1
43869,1
8454459e-0ac3-44f6-a6df-ed2622d819c6,0
48642,1
702f0a23-c76e-4756-8dff-6d75e76e096e,1
15749,1
35324,1
68282,1
33386,1
23121,1
c67e7e6b-71a8-4879-b6ad-8d8e7ab43c2c,0
dac6ea7c-5f77-4817-8351-57e67d1e2221,1
7594,0
7485,1
17306,1
26218,1
14351,1
73487,1
13388,1
12634,1
2726d34a-5a68-4377-a7df-26f13d471bbd,1
17775,1
09c90dc4-1de4-47e6-9261-470f6bdf2c08,0
13685,1
16903,1
22483,1
e8cb3981-5f5e-4a51-945d-935fde383c65,0
2a117ea9-8958-45bc-ae9c-316d5730ad52,1
43279,1
859667dc-859a-4260-81c3-ac57656033b1,0
23716,1
57790,0
9ca924a1-1d42-469b-ae0c-0824130456ed,1
8a2bef9d-2eaa-4582-8870-b1b6ab86476c,1
47330f5f-89a8-4ea2-9392-40bd56d3f939,1
7f468e0d-27bd-4876-8053-b1320009f9dc,0
23307,1
29e74620-9295-487e-a663-354899110c61,0
38827,1
0d3aa08e-77fa-4880-9e61-b012cbf77173,0
30591,1
14213,1
44344,1
66902,1
44a7246e-e440-46e0-af3c-84e9ebb964be,0
27354,0
16059,1
20703,1
398b95a0-9875-4486-bca0-9d8397a6c98c,0
38945,1
72563,0
19214,1
2205f3be-ead9-4e5a-b72f-a68e526b0eba,1
53360,0
335e9f8e-1d53-4fc0-a449-c083009356ff,1
a4162879-adab-4d83-a234-9395c8532729,0
31926,1
ab9897e3-6818-46db-b584-76afa52eee56,1
35147,1
20867,1
67517,1
41768,1
204,0
37879,1
71449,1
1984,0
a1b62599-3e70-4f4b-8a30-32751bfd5d8f,0
3683,1
60755,1
20549,1
3f4aec79-3d5f-4120-aa02-4916c3720cf1,0
39268,1
11237,1
57592,1
547ea6ca-3095-41cd-ae8f-98d33da1d537,0
6f2ac4d5-9480-4d16-93d5-84bc9f6e065f,1
28503,1
26380,1
e958e16f-ff88-4107-84c3-d98c5f48fb4b,0
460f2788-e36d-4ae7-9549-e67db4cc4dfc,0
60134,1
69234,1
28831,1
70309,1
39860,1
21868,1
65426,1
16618,1
7567,1
a2f55637-187e-4786-92f4-6392e69edf8a,0
60736,1
2feca4ee-6814-47ec-b8e5-4abd8a3bd39d,0
29266,0
4858,0
27986,1
1496f158-c385-4596-9917-015148b55064,1
f73ae3f7-21d1-4eca-a8a3-4dba0d25a7dd,0
b4df30d0-b9fe-402f-b39a-5464009e84bf,1
40230,1
56532,1
57153,1
761c0948-25eb-45d5-b7ab-205417e57311,0
10530,1
6df2e224-1b0e-4c2a-bdce-cc986a46c431,0
42854,0
34679,1
14397,1
11325,1
55903,1
56453,1
4796e9ee-c76a-44ec-ac76-b5a8a61a5871,1
63430,0
18540,1
46303,1
73382,1
1d469646-e851-42a0-8429-7772a27d0f65,0
42248,1
35057,1
60001,1
a980957c-ff97-4c9a-b217-eacfd1dc31ac,1
5ca27e6a-0cea-4d19-acbe-1316380abe21,0
47784,1
5904,0
24581,1
50608,1
2e8cc04c-225b-4b23-a34b-d2a76d3238bc,1
26926,1
68155,1
24983,1
58418,0
71931,1
73238,0
a9e367f0-554d-4444-9a1b-81c9353a9e64,1
26369,1
43750,1
32164,1
29143,1
29911,1
a485f988-7ad0-452a-a79c-5ccdb6fbe88f,1
16302,1
34287,1
35224,1
61147,1
3a51ca02-7dd3-4bbb-80bc-da520acc6860,0
ee3aa135-dff2-4a26-96cb-881f00bd175d,1
bbfa3109-0116-4670-a966-1ea78dc1c7fc,0
57230,1
f13db70a-6eee-425c-bf3b-758bbb975eac,0
68813,0
7466,1
63049,1
a6adff3b-7ae0-481f-a0e3-01b710262a2a,1
40980,1
10180,1
1b089ee0-c690-4ad2-bc3d-56d8ae307c4f,1
8f4973d5-3ae5-4f26-a381-ca3aaa36f199,1
19694,1
33e180ee-22de-4f5b-9838-3c03a67696ad,1
27183,1
60313,1
12837,1
55505,1
71856,1
35820,1
9003e48e-3fe5-46b8-a517-e8ce39f99e54,0
52841,1
2279,1
12b5abbe-cd2d-414e-a4d2-2701c373990b,1
65057,0
20605,1
36a13c23-f00c-4e5c-8521-489691c60cdf,1
39767,1
3bf8002c-7390-4cf2-aa8b-7d49ce5917a0,1
31309,1
40625,1
74214,1
2080,1
2609,1
7933,1
7531,0
ef40f889-2f71-4fd8-a155-4c2a70e0d2d8,0
36632,1
a7e30e15-c419-4eee-a844-00fab1cfa10d,1
58648,1
49706,1
44783,1
22807,1
17056,1
e67ab8e2-928a-4fbc-810f-3ac67f25354a,0
871f42ad-1fb7-405c-adb8-02d5df05c714,1
6b6c01ac-faac-4303-af3d-81635617ce65,1
52323,1
156,1
71805,1
12544,1
63699,1
30698,1
8329c453-9b7b-4bcd-813e-a9325c68209f,1
e3a0a1f1-3511-4575-a9da-b35f1ac81802,1
68079,1
56554,1
18570,1
29456,0
33332,1
66149,1
66071,0
abb2b571-8893-4451-814d-2a361fbaa1be,0
31981,0
39287,1
70809,1
63613,1
7021acd8-c752-4b6e-bc29-b1b80660022a,1
72457,1
5185,1
63622,1
53769,0
69797,0
29463,1
23079,1
15206,1
3304,0
36162,0
70425,0
a4a2b42f-967c-4d64-8cb6-c149cdd3a43e,1
6893,1
28edfbf5-6ea5-4798-9a52-5811f035eff6,1
59214,1
47079,1
63969,1
6c9e6344-4863-4652-af7a-efd439b62d36,1
34869,1
45693,0
31126,1
1ac51cc5-f3ff-4022-9655-b1b20a3116a6,1
22184,1
a069bab7-64e0-4464-8474-0f6066a918ca,1
12148,0
53490,1
67065,1
d8e41501-c1ae-41d1-8444-ecb1c9d0324c,0
65819,1
dd99701d-c603-4384-8199-24981e70641f,1
27681,1
69013,0
55961,1
42329,1
43468,1
72529,0
20841,1
27deb2ed-71b1-470d-a808-9c0b4caf1e44,1
2531dd4f-ef99-4c8d-b227-7688cc156ecd,1
26523,1
46949,1
54800,1
40358,1
33700,1
1343125e-c352-456b-b46b-20b85d715f90,1
45231,1
55366,1
95188d46-dc93-49ce-b976-328322b47991,1
38858,1
70493,1
69845,1
c7601eda-f4b1-4ca5-8b1c-6f6ee558a1cb,0
61188,0
22415,1
49840,0
1914,1
41937,1
20917,1
42060,1
72532,1
55135,1
69596332-c842-42a7-a2b5-0db3ad7d072a,1
4947,1
70267,1
d0db2990-cf93-409e-8317-2b314a7c0fee,1
32363,1
67510,1
a188b78a-f2fa-4596-ab75-d0a1efd23a88,1
35371,1
41583,1
13965,1
70408,1
072b2f70-5e60-4d9b-a08f-781054a9865b,1
29703,1
94fcd9eb-e81f-4ea2-969f-a9e892002c40,1
d5af5dae-376b-43b2-a214-8ae4358bcb54,0
42530,1
53467,1
68601,1
10023,0
71460,1
148daa5c-22a4-4bff-92ce-2dca0d48f95c,1
70769,0
43a69157-06b1-4d01-bca4-c5c5a661330f,1
5aac3df7-c680-494f-9eac-e99a4d960a48,1
16936,1
28709,1
6d0a57c6-1837-4c6e-9dfe-b50443158a9d,1
58152,0
40985,1
11824,1
6329,1
5e7b3266-fe6d-4d8c-9cfc-acfcb5feaa6d,1
13,1
50167,1
30284,1
5394,1
24233,1
ea56496b-acdc-49db-a6a0-f211f04c8935,0
758,1
22228,1
6094,1
3749,1
22547,1
68065,1
14523,1
66888,0
8f715ff4-c1b2-4bd5-bf5b-c3a3f4bde7a7,1
17111,1
48337,1
60052f45-0153-479c-bece-41d5b341a66e,1
1430,1
30794,1
55858,1
e22c6e86-eb21-4942-bda9-42f7ff5098f0,0
35547,1
13620,0
16061ebb-9475-4296-9aaa-1ba20d0e1412,1
11443,1
36822,1
34327,1
61092,1
27995,0
64313,0
24299,0
6245,1
14279,0
06bc0ca9-9f0f-49b4-8618-dee6321e4190,0
2711f391-7f9d-489d-a87d-52e4d85eba30,1
62365,1
26312,1
28849,0
35376,1
51858,1
da2b5a7e-ebba-4721-8a4c-a1c9c54f182d,0
34102724-55e9-4472-a5c9-cc2bf4578bbe,1
2918,1
20b37a66-8708-4a87-8a7f-6b95e025b132,0
11246,1
11249,1
57835,0
22081,1
30348,1
49844,1
73395,1
2b9411bc-a6cc-4eaa-b2be-9548cd7ed457,1
84ac6c95-89f8-43ab-9a0d-98306fc90ba1,1
85cab904-40ad-48e0-82b7-199c60841e2e,1
ec8c4de6-b461-4a1b-99d2-6f205d050e29,1
64312,1
40350,1
30706,1
5125,1
69401,1
70221,1
65c20bd5-ce07-4d9f-9e9a-1469abd06b6a,1
62856,1
58899,0
e5967367-9276-4e05-98c9-f1e2bf255779,1
45446,1
71639,1
73689,1
58039,1
25259,1
f3c8e7d2-82e8-432e-849b-68ae7c4ce176,1
45744,1
40993,1
55814,1
8988fe53-793e-4f2a-8c02-41dc25ebcd1d,1
c271d44b-a77a-49f6-a6b3-9b3292faae07,0
9ff4c701-ae31-4e3d-a099-f67dc30bbe3f,1
9cec83b2-a395-4507-a472-9a966d1ba17d,0
bfc17652-066e-4069-970a-13050d4312e5,1
62618,1
22134,1
59725,1
23bafa00-759a-4c4d-9847-961eea33c1ac,1
1116,1
28150,1
780af83a-2897-4c46-ba17-73fc6c50e11f,1
69219,1
17612,1
9fcef5e5-a901-48b3-8936-74d3c418cd42,1
35625,1
30607,1
65314,1
73280,1
10304,1
46536,0
23616,1
58574,0
32377,1
24564,1
45e557a1-39fe-4703-b4b9-7d252d29ec91,1
13063,1
57411,1
74558,1
74729,1
19327,1
03180a55-4296-4d98-9259-7b2ce89cd88f,1
dac382dc-cc30-4260-83d5-ffdcc2f7e8ae,1
ed06202f-c059-4f1e-a56b-170ac42da548,1
485,0
3ec5955e-7dc8-4b9f-b4d0-757d4c9241a4,0
56511,0
20140,1
29843,1
13740,1
16472,1
51351,1
66983,1
30552,1
38154,1
0551c0be-2b08-405a-ace0-2e85c8d249bc,0
39334,1
20136,1
812c25ba-7c2d-4047-b294-7d2c0d358b10,0
00689ad1-d398-44ab-8048-92065f5d6498,0
30605,1
18188,1
44058,1
40793,0
3211,1
3874,1
32664,1
27496,1
029b97e3-abe1-462a-92f3-a79204f2942e,1
48838,0
9c3754cb-8c20-4891-9e2b-95adad7f1355,0
3840396c-6223-43e6-a5f3-b873f32beb48,1
10573,1
18302,1
dd89c487-c4c9-42e1-8118-3ed398250664,0
7788,1
27347,1
37909,1
806,1
59290,1
1283,1
30743,1
36530,1
12976,0
51586,1
70412,1
c7c019fc-f3c9-48e7-8d01-a8c363bca092,1
35635,0
7825,1
22160,1
56809,1
12589,1
4215b8ae-2ffb-45e7-99ca-c83dc271b1c3,0
9b075b8a-958b-4cf3-91ea-09fbd239edbb,0
17752,1
15048,0
54435,1
36027,1
f0a12c4b-0093-4769-947d-a01438e82204,0
b3099a5f-3d77-4019-ae26-698f05b7745d,1
0f39d365-3fdd-4132-adc7-d97da92f47e7,0
bfc4a806-4e56-4dca-8976-7a0bc508dbf0,1
43067,1
37761,1
12864,1
3363051c-1e0f-43ac-b0fa-54af129a42d8,1
59368,1
52905,1
87253399-1c03-4d4b-a28d-9d6f0180b3e2,0
db99a9de-a891-486a-9ce8-bba481b677ff,1
44028,1
c363eea7-ceb9-495f-92e8-fb58b591827d,1
65184,1
22792,1
5967,1
42887,0
31081,0
9a59073d-a10e-4218-8dd6-c33ad7cd0771,1
29e3e32a-802f-468f-a048-cd74199c437c,1
14264,1
1a970b21-82c8-4e22-9111-25d525802d0e,0
28899,1
5535,1
3443,0
27587,0
2a2c332a-33c1-42e1-9d29-d4303053f457,1
63737,1
47078,1
21659,1
39004,1
29d59b19-2281-4187-a44e-0b227a0a9122,1
870ef205-0513-451d-9f2b-34e38bd20b18,1
74437,1
27841,1
2140,1
3e03497b-c1b7-49e0-a5c2-0578c223bbd4,1
8032,1
49655,1
38412,1
9852,1
69058,1
7319,1
5629c984-96ec-463d-984d-a596994c73dc,1
8701,1
23233,1
73130,1
36141,1
7066,1
11150e23-85bd-4c56-9616-74cf3b157ba2,0
110c3c20-78af-4cda-a4c5-c491dfe15922,1
36320,1
5901,1
61713,1
3993,1
36504,1
2fbf707c-3873-496d-af10-6c86708a7445,0
32327,0
44718,1
17283,0
72201,0
13409,0
09c2e861-b5c5-489f-ab1b-6c39da08f944,1
48217,1
25912,0
175f64ee-719a-4ff7-bde5-55aa4b83a1f7,1
42556,1
17238,1
40132,1
58712,1
588e4952-61db-4145-8e02-4f369d8e7d80,1
945323c7-e341-4424-9873-cfceca830821,0
23266,1
23556,1
eb858399-dbfb-4da2-b9ed-0c8eec24f3dc,1
16924,1
46338,1
66173,1
5840,1
4563,1
64027,1
49708,1
20297,1
64900,1
2221,1
51795,1
500253a1-2838-46b4-bca8-32d1223347a8,0
30163e39-ba74-4a06-8a42-39f33f640f5d,0
61001,1
10624,0
41419,1
df2efebf-437d-4bc6-b154-d67b90ba9575,0
6415,1
73631,1
34731,1
25112,1
e11c3489-bd66-4ef5-81a0-9c93c01d0fc8,0
42874,1
50384,1
47457,1
3181,1
23416,1
81019cf9-3b6b-47dd-9789-b1555b0d4211,1
35218,1
4d9c611a-997d-4c99-b233-e00c131e7baa,0
69079,1
54790,1
4051,1
17389,1
25859,1
62426,1
3229,1
65919,1
54519,1
75,1
69724,1
58e7ce73-db22-4628-8e4f-5ce96125d3ac,1
0ba64ac8-9ac8-4d18-8186-045018294269,0
58394,1
16272,1
61776,1
35102,1
0832359f-19c5-4bc3-a50c-8b88f74abfef,0
7816,1
39067,0
33845,1
232c7dcb-9cb8-4702-826a-57fa1e3fc66c,0
6436,1
30338,1
31705,1
5867,0
27784,1
58857,1
29278,1
17445,0
20553,1
74058,1
00459ab0-a7b4-4d6d-ad13-e29ecff31e12,1
7790,1
17252,1
1609,1
24276,0
c3b64ef1-be43-4766-8479-a7fd64c4df4d,0
34210,1
66824,1
48692,1
60521,1
43261,1
10176,1
36906,0
52949,1
3451,1
8859,1
5396,0
c2a33660-a7b3-483f-b8cd-d2b00af926c6,1
10780,1
23932,1
79718ee0-2794-44cc-ad4e-9e360253ccbf,0
70237,1
23490,1
31545,1
55324,1
62783,0
60499,1
40931,1
20640,1
9b14a80e-2843-49a7-9254-4a413914b971,1
34a9c189-e378-4275-a662-2f70760ee13d,0
d5329676-31e4-450a-9df1-3902becbdfb0,1
25869,0
5dd26970-2f4e-4280-a98b-941592f9d391,0
284908e9-1ed1-485e-af9c-254762bd5442,1
569d39d1-f4f5-4673-9630-12a2af512692,1
38975,1
8d0a5f39-a121-4fd4-92d4-fe91cd951d6f,1
48970,0
65963,1
30142,1
255,0
13593,1
58807,1
12298,1
76f53dbf-e1f1-4faa-889f-9f963c56cb24,1
57878,1
54598,1
23783,1
f86022a4-a2c4-4ebb-80b1-f83cea65258e,1
79a2721a-8268-4471-a6c6-5ae32a40ef5b,0
44204,0
10333,1
4460,1
12806,1
176739e4-1b40-41e0-abf1-090d1fdb8829,1
34950,1
36235,1
3402,1
45667,1
49825,1
6200,1
68670,1
36012,1
37286,1
39458,1
17291,1
12805,1
10657,1
d99ae1e8-1936-4c97-95b0-1840f39a412c,1
14917,1
71915,1
52791,1
49271,1
3120,0
fa2fcced-3bed-4290-9460-99da804b5f8a,1
67988,1
a705d801-fa7f-40c0-b905-c07633e3c1b3,0
27711,1
46884,1
39462,1
68595,1
51407,1
55751,1
11025,1
70574,1
55385,0
30873,1
7257,1
56883,1
06d461ca-b28c-4863-bec9-b3293a9ea460,1
38920,1
74026,1
48223,1
10938,0
49155,1
a6ca49bf-6a07-463e-9e6e-c93dac587c96,0
30949,1
0e6c2133-fcbd-4388-bb19-d512bc95fe5d,1
4c0818a5-16ac-4bd9-aa0c-6cb63a70aff8,1
54144,1
a05c2fab-6563-40cb-a640-342bc51bd8d7,0
8f93010b-e816-4885-ae2c-3694a3997ab7,1
55462,1
68535,0
31430,1
50565,1
63143,1
14725,1
a9c729ab-6a8d-4af5-acfb-cc7ffa86cc4a,1
26072,1
8d4e539d-adea-4ea6-8a5b-1fa710d51c89,0
43789,1
34976,1
51913,1
69940,0
b7af9988-15ad-4769-9758-f8a2b086a1bd,0
48931,1
53824,1
43978,1
990a7e94-2961-4465-84f8-d8870d63b27f,0
4857,1
15202,1
73914,1
2938008b-f10f-4b80-b31e-427e66fd518f,0
39273,1
c1bacefb-99ca-4ca1-a9de-8fcf1894d387,1
8a4586f5-6b4e-4f27-af7e-d7226bdb46d5,1
d1869af6-cb51-435d-bd31-b7a01cb43373,0
06e2d400-0ac8-4323-9c28-7dfc95ab7102,1
31310,1
20384,1
50122,1
66438,1
a44ae10b-9815-4626-8d70-49d92a42c6c4,0
49544a1e-f4e8-4f54-b7fc-3b47c6319198,0
30944,1
4935,1
1b9f6082-9c69-4873-8fcc-9b2bc239cdb8,1
6ba6f504-8342-4564-9b7a-ca67f3a29f84,1
21632,1
70650,1
51145,1
b872cfcc-e315-4fb0-a5e6-e3f607ad1324,1
47812,1
7963,1
0b4b7a72-0e40-4369-9831-26d04a055107,1
48600,1
52476,1
380,1
61ed2365-4897-4bc7-8947-340fecc53828,1
70e3d1c7-57bd-4231-9264-04e9d0d66daa,0
5fee99d4-ec26-4f23-ab52-783e58abddfd,1
10296,0
0c0212b1-569a-43d6-b3b8-4ce7f6b64f13,0
38dc55d0-adbe-46b3-8cd1-973619796ba4,0
27129,1
16211,1
56166,1
36848,0
32284,1
5638,1
33979,1
25640,1
19271,1
71165,1
6529,1
51615,1
4093,1
d3efadb4-255e-4aaa-a862-35aa540cc67c,1
82224565-f62f-47e4-995a-ca30f6021a4a,0
52275,1
2511,1
36612,1
87241c67-027a-404f-b047-3a672ff28c9b,1
526adaf3-f3cb-42e2-8a06-30e5b2236022,0
771d8476-a546-4da1-bdb4-7ac520f8bb20,0
6408,0
68843,1
4369,1
9bf76748-f68e-49bd-93d7-0d6963939cee,1
39852,1
47781,1
34891,1
62330,0
4414,1
1a0d26ac-0c55-45f1-9e20-6d15441233d9,0
53442,1
36233,1
10834,1
8f8138eb-d31e-41eb-a0c3-d8d1419e12e8,1
22518,1
17839,1
2069,1
57487,1
320a54d6-a957-4838-964e-7558d6d08666,0
24104,1
2134,1
3206,1
71985,0
56870,1
48562,1
29279,1
72772,1
16760,1
70351,1
35855,1
3e73aa3e-55c6-47d1-8b2a-cf480cc90c49,0
46041,1
49634,1
2f771ee7-3285-40e3-bdac-a197f8255f93,0
62067,0
33f693b3-89a2-4dd0-a3cd-6e824f763077,1
59575,1
73330,0
31933,1
52439,1
5555,1
54896,1
38682,1
63123,1
43486,1
d49145cc-3e3d-4db2-adc4-c6c88b1e4333,0
7655,1
4002,1
4b43d7eb-5d63-4969-9674-8baedfa72934,1
b20a79af-4d73-4c10-8128-1660a59b6634,1
40573,1
4587,1
33595,1
69439,1
26073,1
11374,1
08a550aa-e02a-4187-9a6f-ca020334cd79,0
14209,0
2650,1
35770,1
960c2c66-1772-48ce-add6-4c064550ac5f,1
58898,1
29412,0
4be28131-06f6-4633-b2f2-6d78bf609844,1
19262,1
36550,1
34505,1
62883,1
54d7539d-48b2-44b3-a3a7-73b8db4ae95c,1
2581e15c-6d76-4a6e-b4b1-e6e8745c338c,1
376043e9-0676-476b-bc2a-956208c9ffd6,1
fb1bb4c3-87e4-4d5b-85f6-0ff4645f6945,0
23975,0
727d7ac4-c5ae-46be-978b-c3bebf2970f0,1
50196,1
58688,1
52273,1
46954,1
59899,1
35060,1
51481,0
56126,1
21086,1
36113,1
27241,1
11586,1
31399,0
61139,1
40719,1
67744,1
28873,1
34980,1
28045,1
45785,1
a8a29392-d21d-45b8-b49d-7dc8342d1566,0
51515,1
71185,1
6621,1
37549,1
67945,1
98286b96-dcdc-4c87-9743-52b9a75c5694,1
5fdcaee1-35c5-450c-b830-df1c1662fa16,0
12683,1
74598,1
4f425fc7-38b8-408f-92b4-496de90c0b43,1
3dae9c31-c40d-454f-b046-41abd2b1b74c,0
28860,1
31729,1
67001,1
19312,1
16495,1
70912,1
63176,1
1b950a26-1812-48da-9f6c-ee90ec057fc8,0
70367,1
39875,0
17440,1
18120,1
17782,1
9286cfef-6d38-43d4-9dad-9e18526dd98b,1
73093,1
99b1ab8a-93b2-4e08-866a-b5b210825b94,0
71646,1
af92da58-2d37-4415-8927-1cbe335a9b40,0
1034,1
35193,1
99f18dc2-a9a7-42a0-8ec4-b42956711e62,1
55389,1
8676,1
39498,1
7a856fdd-e58b-4bff-9ed8-9a65427b018a,1
77516460-8578-427b-a5d5-776575b12b99,1
68429,1
feb99a07-65de-4ea9-82cf-70d65c599914,0
19240,1
28983,1
39092,1
30430,0
69417,1
aba5e238-442d-4eff-8585-d85f3145e9a1,1
0578bc17-517c-4213-a6e0-b7feef462cc0,0
73911,1
ad982a0d-4b85-4844-8846-28e5c413b39b,1
19145,1
26506,1
15010,1
47055,1
3b7ee7e0-b9ed-4207-9b09-f5c52f110ca8,0
63718,1
66198,1
575e33e0-40db-4103-9929-4e5c03db715e,1
65189,1
3061,1
55023,0
70922,1
58957,1
3257296f-3026-4cab-9f2e-67f368a5d116,1
45933,1
2213,1
17653,1
58345,1
62207,1
9faebf19-6955-47d1-99c9-99b069a1befb,1
17209,1
69654,1
68100,1
22865,1
4143,0
49268,1
7895cd11-e351-4072-ba4d-c1802f9e6354,0
137c74af-0207-4019-9ba2-e3998cffc8be,1
41392,1
f09d9a5a-8f34-4008-a472-77a8ec59b9a7,1
26008,1
25847,0
47488,0
866,1
a1265821-5539-4ef9-a192-cd445b1028ce,0
14782,1
63746,1
c72ba0de-d485-4ba8-977f-9eccf2832148,1
882132bd-eb89-4d61-9cba-a0b05142fa75,0
50660,1
31059,1
31851,1
12328d6f-ab0d-4437-9bd5-16ec147e2997,1
35006,1
69762,1
16264,1
3831d8ce-215b-4e0e-afbe-2a792582068e,1
69384,1
28266,1
45017,1
20359,1
13990,1
49225,1
15648,1
2380,1
18860,1
56735,1
c9589fba-af01-441d-b941-1909dc3c233b,1
15104,1
64602,1
33395,1
34942,1
57334,1
501,1
fc7a914d-7022-4bf7-8ec1-6cfda80440d4,0
31c3e4d6-5b82-4b4f-b8b5-bba16db423d9,1
38340,1
66503,1
12679,0
73960,1
43479,1
27a39b7b-11a9-445d-a133-51a3ac1ece9f,0
bc08ef22-47d4-4702-bca6-8465643ae882,1
3a0afc7e-b5ec-4c58-9b45-a59092ae602a,1
d923bea1-8be5-4bce-a170-79fe6e9c5746,1
99b1253b-00b6-4c71-b407-2c8696c21d0a,1
368b7bec-7561-495e-83f9-6c24caf7e40b,1
49637,1
b914a29a-31b5-43bc-8852-f05cdc07e8e0,0
61366,1
13375,1
51250,1
80d77d28-b145-41ad-adf8-8c0a552b9569,0
43814,1
11099,1
65747,1
52317,1
1011,1
366f2470-1064-4962-a9e3-f065ac172770,1
50328,1
fdc1b906-497f-45ae-9ddb-5ab20660af19,0
24490,1
48195,1
7b6b1af9-12af-41ae-b72c-bed2ff6f40f2,1
27084,1
32387,1
49365,1
45202,1
9b68c3e2-55f5-4b38-8f1a-e7e00245591e,0
43461,1
b8eb154a-465b-4876-9416-b4306ff27627,1
22165,1
3b261fed-42f3-45b2-8d15-52fbca3da39b,1
44331,1
7be5155c-3044-46b7-8e3c-81057427e52e,1
67588,1
94514c31-cc35-4d0b-9318-3597ce1bd9dc,0
68832,1
52761,1
b3ec10b0-feb0-46c5-ae5b-a028e396a0cc,0
35554,0
18062,1
32375,1
37000,1
69913,1
9296,1
b3b65463-c0e5-4dc3-a1e8-b6d40b4c8a0b,1
3293,1
3313,1
51222,1
70101,1
19213,1
284a26b3-c5e2-47ce-a522-843f778d9910,1
59463,1
6986,0
20343,1
30bb2af1-45c3-42dd-8cd8-f187dfca1878,1
974,1
26116,1
36138,1
13711,0
30175,1
92bc7b63-6b2b-452d-8675-3952544baf64,1
28268,0
54515,1
cd5f6b41-bc6c-4d25-afe0-5fc3a295b4be,0
56043,1
e460a6bc-38ed-4600-8885-30d96bf58d02,0
60880,1
84088169-5e38-4df5-914b-3b41a9731a4a,1
27148,0
36997,1
62142,1
e1f72101-dde2-445f-aaf8-31afbe95839d,1
39482,1
21636,1
9308,1
7192,1
67889,1
27396,0
349af8b9-b2a7-4a1d-ac7c-27d8535ba79b,1
bdeed0c3-52ec-42a9-a790-cd81c4676822,0
58556,1
50438,1
073cca90-0b83-4074-bb81-a8cc49acfa77,1
2bf955fa-b98b-4b19-b68b-67d70839af9a,1
58364,1
2426,1
46943,1
03687351-4cdf-40d6-bd1d-dd61f4d9a50f,0
73771,1
63347,0
ed2f5198-a430-4dc9-bba7-0fcfb33ec2cc,1
15116,1
50516,1
7809b078-f89d-4302-bce2-b98a030c9491,1
3138bd0f-35f1-47a4-b613-9ec055078b29,1
25033,1
37025,1
36742,1
72982,0
11454,1
29035,1
54300,1
b9e8e254-9302-4fb6-9c65-2faad72e12dd,1
de0e850b-bee6-41fe-afef-f3e87de3ce21,1
36436,1
ef39412e-181d-4c68-a4ec-be33dc62d3b4,1
59342,1
1850,1
26280,0
6891,0
16811,1
22010,1
37631,1
25806,1
13790,1
25343,1
24004,1
15061,0
65444,1
30583,1
658859e1-7c86-46f9-927a-b59e2d64209c,1
20241,1
37625,1
c6631e27-a45a-433a-8029-bdf20f24e651,1
a69a0710-e69b-478f-b376-8573273c15e7,0
30323,1
797be505-a8ef-47d3-8025-213bd9f3e0f9,1
56278,1
15861,0
45bdf971-4d55-4bd2-aea7-29fa92a8b881,0
73298,1
20672,1
13352,1
148c774a-dc93-4e79-b3c7-f1e5134a6459,0
65955,1
e60c815e-c302-4767-9548-8a08b5d56c81,0
64049,1
39379,1
6861,1
4758,1
f0248555-dac2-4e18-ab99-c0311317651c,1
43ef5c10-d93f-4ac0-932b-18e672713272,0
70303,1
8899,1
70352,1
53862,1
4acf0666-215c-43e7-ab1d-7a840d122d94,0
38804,0
58434,1
39828,1
29050,1
66841,1
46306,1
07a0f0b2-baf9-49a3-841e-0af5bdedaab6,0
50236b7d-30ec-494a-b08d-50a3f8f1ee5c,1
4af45152-6a3b-499f-9f4c-0f6df915baa1,1
70838,1
72422,0
13cf2473-9298-49f6-8c8c-a75fb3d819d7,0
53c7b773-a45c-4229-9e9f-dce6ee1b0539,1
62289,1
60d4516d-6ced-4f84-a1d4-3149d141c320,1
1766,1
75b22b72-9196-4f22-883c-abfa7bc2d37c,1
9479,1
5370e06d-0df7-4035-b7d0-78a9707a5974,0
10447,1
27386,1
36081,1
44251,1
70b5fdab-fdbc-4ce0-a332-cc033905c3d1,1
24613,1
edd384c7-6ff3-4f2c-89d4-bd2c32130378,1
58961,1
72380,1
73144c17-57bb-493b-8b0d-8515958eff3f,0
17624,0
2063,1
a73c713c-528d-4ff3-ab8a-e1ea7ad26e2a,1
28516133-ff71-4f91-a6b2-ac4325c71390,1
21580,1
67487,0
e1a0c678-f916-41e8-8367-a3f93caae527,0
71adb2dc-1c03-4d5f-98d6-800eb66983f5,0
1883ea29-631e-43a2-819f-055961f470d6,1
0b8ba036-c982-4349-93ec-ef3ac1f568bc,0
39533,0
55804,1
74616,0
621a95ee-18e7-4f17-9477-006e800e1376,1
11334,0
01fe32ba-30e5-41ed-a483-0047922a534a,0
32512,1
067a6e8a-bc84-4b45-9af7-216c6f976d3b,0
5851,1
40737,1
11231,1
74477,1
29683,1
24208f85-b6ae-4fff-84dd-8bf9fbd1b9e7,0
4104,1
29252,1
04e5bba4-3f53-48c5-884b-4436bf4e26d8,1
162eaeab-b37d-4a11-ba86-8ea7176730d7,0
12470,1
42173,1
47043,1
2633d11b-4511-4df9-95df-b5ec321df5dd,1
d50a0511-632d-40d2-a283-e9882a72b9bb,0
53720,1
458f9832-0be2-4fc2-a3fd-8ddbb53fc8ac,1
14855,1
63328,1
12236,1
14001,1
23610,1
13305,1
59495,1
67978,1
b9350629-9a30-44f7-91b5-2fc42b0e51cd,1
8efe2560-a2d5-4d9f-a330-cbb3810b821c,1
1cd5b98b-e4a7-445e-8c3a-4e2c910bacfe,0
17786,1
29845,1
65199,0
1851546e-1932-4e63-ba5c-ebf41ff2f292,0
12880,1
72326,1
53895,1
67668,1
30634,1
df8e9012-0993-48e6-af21-7ad5720d3c68,1
6620,1
61384,1
9f664721-053b-4243-82b9-1c530dc561d9,0
68304,1
3364,1
48221,1
6301ca84-ce55-44d9-b972-0c5ed23f1612,1
15807,1
e2d75179-519a-46b8-b9c2-7db5babb7177,0
28014,1
57730,1
60029,0
de2fc04e-a808-4780-80a4-6aa3d8c9b67b,0
19666,1
2825,1
72275,1
54859,1
1b34dbf7-0a18-421b-809e-c95fc38c8f6d,1
b2ac4426-911f-4cc0-937e-95e767d94d0b,1
28497,1
43724,1
26568,1
57945,1
33178,1
73412,1
64948,1
58221351-affb-4730-a2ed-a8eceb716b35,0
09bf7365-8af6-4bdc-96ce-4d4cbc5d1e11,1
28629,1
61378,1
adfe54e8-b5d5-489d-83b7-fb9b238522c3,1
20189,0
72882,1
73170,1
43960,1
43899,1
39371,1
1c613ee4-b7ef-46a3-b9a6-c9fc453e6d13,1
0981f32f-b778-479b-819b-d130903bf009,0
23654,1
10409,1
56512,1
26328,1
7a1c4c9a-6f0d-4de3-b30a-a3e974a15d94,1
25897,1
11434,1
8296f1dc-868b-42bd-a1a1-a1c3ded97189,1
55743,1
22cbfd79-d49d-46c9-a8f9-ac23d857959a,1
c9b67ea4-5ea4-4709-bbf3-b18d2594a207,1
53907,1
25773,0
ebd03e9a-88ca-4e20-b343-f926ad5b8367,1
eae72f80-23ef-4391-890b-a37e3c8acfba,0
62554,1
64304,1
23000309-c182-4c90-bb7f-2b443ef73f6d,1
22e4111e-0d23-4d71-a1f4-cc39250a5ff5,1
bb110f78-c81c-4be8-a708-4e3282db1205,0
16383,1
d605e419-a962-486a-a766-07d160007d70,1
34686,1
31447,1
50569,1
48301,1
44229,1
30336,0
19728,1
63743,1
8b2851a9-becd-4a7e-82cc-960493e8e151,1
11110,1
f0f75c76-a64a-4a3a-9055-40f60203726a,1
12351,0
12633,1
3523a9f4-f4fe-4e32-b4cb-49de761ac61c,1
72634,1
30260,1
50900,1
21938,1
32000,0
65793,1
69048,1
60494,1
73546,1
58603,1
51813,1
25039,1
7fd3cbc3-9b27-4344-b26e-1f1de9fe7a9b,1
c74bcc97-baee-426a-996a-200944dbfd79,1
0ba60dc4-4f21-4593-a9ba-f444f596c013,1
72151,1
dfe33be2-cc10-4566-bf2c-b8d4999e8e1a,1
47066,1
73234,1
49511,1
12526,1
35791,1
72673,1
41070,0
c5c02a99-5bb9-4e81-9c27-b5a6cacc3ccd,0
7048,1
75672d18-3f32-46b5-8fe3-5a46b2c421e0,1
39525,1
c4b1ce8f-cfcd-4503-8d81-87ed73f3f263,0
55166,1
5331,1
46234,1
73246,1
bb92039c-6a8a-46bc-afab-3e6dffae1889,1
60617,1
46635,0
d3dc877b-0659-4d8e-bd03-381c4e551acd,1
21743,0
8485,1
65008,1
0936b1fc-7e46-4396-90b2-6679aac7cb56,0
62176,1
9dfe59d7-27c3-4bcc-982f-6a6417aa793e,1
d4e61c7d-75d3-4001-98bf-579bbb44c737,1
5034d750-901c-4aac-b19b-d49eb03ed078,1
17279,0
53511,1
54269,1
53310,1
53024,1
64621,1
39664,1
23976,1
40789,0
10501,1
32176,1
52917,1
42746,1
19804,1
21830,1
65374,1
c07803e5-1c01-4239-849b-ae5ee16a383f,0
32117,1
9bd7cb06-f010-485b-80cd-afc0feed3bf7,1
12c55237-0fb1-490a-8e86-2a9eaf524543,1
7177,1
67077,1
d185fc70-c25e-4200-810c-389ab6b9f245,1
41078,1
df4158b9-f0f8-4bf0-b6fe-4085f904b4e1,1
5092,1
21090,1
9a64117e-05f4-40c7-affe-36a6f86e6de7,1
47741,1
17734,1
46222,1
01057222-46ef-4eab-b082-8b2aa936c9d1,0
34747,0
24449,0
16434,0
d8fa95fa-ea5b-4c6a-b0b1-3f6d0956c94b,0
42598,1
21779,0
58510,1
53577,1
45344,1
1238c2d3-ed7c-4fa2-8806-1210743cf7f6,1
5a2b39f6-84bc-4d85-9abe-5791ca28ed22,1
61117,1
59405,1
65108337-f2f0-41b3-a764-61c85e137813,1
5b02b42a-708e-4101-ace4-ce5920babea8,1
45515,1
22038,1
23167,1
26564,1
4b6aeffd-23a3-4da3-96c2-fcb9e8f5e18f,0
23531,0
ea635d7d-c345-44b4-991d-d3cf95736e8a,0
28145,1
0452cdf9-153c-494d-b6d1-6f2a1fb0fa99,1
7d1bbd34-0389-4ac4-b4d7-81d7879173c3,0
65553,1
73705,1
057bc51c-7bc5-4147-80a8-82485cfdd674,0
45993,1
68879,0
60895,1
56329c6a-a20e-4266-b302-9d2a2271941c,1
b5c896ed-8451-4171-a4df-b089ba30da16,0
75566ac4-f696-4597-9d7a-567f2f845e13,1
59760,1
83737e0d-3577-47dc-ab9b-00a6cbfba65a,1
11637,1
10957,1
c95e09c7-dcc4-4d3a-b0c4-eb9c763f1146,1
f99301cd-d1bd-4550-b977-e0dca6da6778,1
270,0
41826,1
74105,1
21359,1
8624,1
ac1affdb-c162-4eb3-b508-fa1e6f5bf0f8,1
28123,1
67247,1
54329,1
21248,1
55805,1
4d5e9004-551d-47cb-bc85-b0912e689108,1
49070,0
54534,1
e09542c3-3169-488c-b87f-6f239173c8f8,1
3c5bd7f7-114b-47f6-8f4c-c12b82ffa0b8,0
969,0
26960,1
28776,0
e2e7f4f3-710d-4701-aba4-dfb3563898e6,1
3cf8c4d7-ea2c-4e7e-999d-f0ad73241dc6,1
41d6bda9-1ead-4447-bf8a-875dbdbd0946,0
27339,1
f02b8715-ebc0-4609-aa30-fbdfe1fb60ed,1
14165,1
52343,0
63955,1
46275,0
7426249d-b469-4b86-a578-80d07363bd57,1
41639,1
58071,1
72417,1
24808fea-d8e2-41b5-9bb6-77475c050222,1
60324,1
28113,1
56155,1
39016,1
34275,1
14112,1
95b96272-89f3-487a-b085-89cdb2bbbee1,1
24916,1
62950,1
29745,1
10881,1
41110,1
50389,1
70646,1
88b77a84-84f2-4912-a795-33e0f237094a,1
4952,0
10206,1
52963,0
37632,1
2f91fa44-aa72-42ee-aede-f4b494faaf94,1
8245,1
42868,1
47659,1
49116,1
66272,1
43316,1
15911,1
73634,1
30433,1
33059,1
34773,1
18119,1
14455,1
62205,1
e8e2e83f-93c1-4479-8958-4004419a6880,1
18274,1
83a5d870-cf57-48c6-8912-ab436de7c38e,1
5e9f3e26-2961-49b3-91b6-f12844c6a67e,0
71134,1
1344e6e3-c4f2-4bf4-a505-05829a6fe674,1
ae53871a-f244-4449-9667-0a183924a26f,1
12778,1
6535,1
29022,1
63824,1
68df04a7-6260-4964-b0f8-758f84717232,1
42720,1
e4695a11-e914-486b-8f9b-785323132b6f,0
f0e50ef0-1210-4519-b107-07bd86c492b2,0
69475,1
a8cf9595-ce29-4e8f-865a-9c50e243486e,0
37468,1
13421,1
24830,1
1818,1
13880,1
34108,1
37198,1
53014,1
58594,1
8dce295a-c21a-45c1-9f86-21c913b6a39c,0
6bc35c28-3b8c-4dac-bed6-eed2d213ce6f,0
34393,1
1a324297-fef5-4d36-9112-39c02e6c9e2d,0
24394,0
46064,0
c70ccc66-3c76-4009-a525-7f437711c316,1
52812,1
61983,1
14503,0
20572,1
30749,1
1d01e474-6a17-4d17-8d0a-f5f3e83b7ef6,1
36210,1
56796,1
21625,1
c336a879-ea0a-4af3-af1d-b42e38c2d62f,1
74055,1
38220,1
27085,1
19241,1
c14286ee-a8ef-44ab-aba3-0e638f6eadd7,1
2469,1
162def53-59a6-4d7f-bc5a-b296bd870342,1
e1ed4cb4-fa24-43aa-ac24-04d0365939e2,1
e103c2bf-0296-420c-a012-d7a0be8d71f2,0
60797,1
43090,0
56257,1
56816,1
46163,1
61481,1
28068,1
519a7db5-bf8e-4977-810c-6437c8cd726e,1
21268,1
7953,1
c14e72e6-c8c3-413c-a018-89d5e3c6c61f,1
56182,1
51265,1
24751,1
7da2ab58-59b3-4962-8ed5-d2cbc0b8e8b6,1
11082,1
73933,1
3298,1
41545,1
71774,1
69419,1
19014,1
69147,1
111eb2a0-bfe7-4b3f-860f-8dcdf691751b,0
09ff4dfc-7e54-4b36-93f9-5b486635364f,0
59197,1
46675,1
65225,1
491,0
4fc401eb-fd79-4641-a7a5-3c8e6b86df50,0
55844,0
27162,1
b7979696-97f6-4578-b2ad-767d8728105b,0
04fa8eee-7989-4ab0-aeb1-8834062e8a13,0
fb72b8b2-3288-4012-aeb0-2a49d1edcb75,0
45257,1
9049,1
4d2da6c5-1ed2-4805-b545-04ac4b407fae,1
19776,1
17482,1
4733,1
10506,1
50615bfb-4269-4ed6-a7b3-7e4505591191,1
2955,1
fc4337bb-12dc-4e4e-8036-ae147e7a48e4,1
20864,1
1828,0
26303,1
4972,0
36764,0
27794,1
25442,1
41353,1
9df5d1b1-688b-4377-93a7-b916cbe90204,1
64401,1
49198,1
39203,1
bbed155b-7f70-46e3-8f6f-70891df68a88,1
c2e6e00b-f57c-4861-b3c4-504986ac2eb1,0
14290,1
1700,1
d8f82be2-e8e1-4dbb-b5a0-f3a1cd3fa8c4,0
28598,1
73693,1
6686,1
ee5d4bc9-516f-4b6c-84e1-acfc8afbcb28,1
47481,0
b2d37af3-785c-4afc-99f4-402659226d33,1
41188,0
55034,0
40029,1
0c8d2010-8604-493e-8824-a3f5f36119cd,1
58619,1
31032,1
01ba4b18-fcbc-4244-947e-259ee89837ca,1
66748,1
32932,1
e496dbea-23ac-46d4-a2ed-7ccd12deae12,1
876,0
69146,1
c24321af-10a7-4774-98c3-29c41d5cc2eb,0
7085,1
42205,1
30832,0
35367,1
34785,1
30811,1
faa51e3d-939e-49f2-8112-01f1004ced99,1
69081,1
41100,1
59968,1
16183,1
35092,1
33633,0
22813,1
41517,1
db9308f2-2986-46ec-adae-48ce01a39b37,1
dfd687d5-05f7-454a-9cc9-5f1062482af5,0
70833,1
1408,1
d0278168-973f-4bcc-b730-1aa3b6ba680d,1
e041936a-93c6-41dc-92ed-a126ead41ca8,1
97062130-3c0c-4e9a-9422-0adab70d79f2,1
c8d56f1c-ab0b-4343-b8fd-ff28d7cd8ef5,0
65092,1
26103,1
faea5e8a-002d-4c2d-8f1b-1d33998fdaf9,0
15704,1
46473,1
69968,0
38986,1
11882,1
10883,1
41379,1
43700,1
5780,0
47668,1
69944,1
19f48b24-8409-44b5-b527-82d55eb4c9e3,1
bd3fcf3d-5c3d-4459-b503-39c7f2504ec3,1
15177,1
0b3928df-fe34-4378-a228-581e2d0e80aa,0
17534,1
62690,1
35884,1
4b8d551d-b296-4f26-a8b5-1c0b5717b620,0
5551,1
36846,1
16732,1
24603,1
74396,1
34341,1
61735,0
62030,1
32495,1
ecb33934-dd36-4745-a7cb-ab9b080280f9,0
73001,0
60609,1
d9fc7214-ded0-4177-8dc7-e3da696c1b0d,0
27143,1
43953,1
73342,1
36558,1
bfe8b8ad-b88a-41ed-9ece-3a538c1eef22,1
54924,1
29700,1
65091,0
33665,1
12157,1
74223,1
45374,1
38374,1
43053,1
43732,1
35795,1
42519,1
16742,1
61443,1
6b34c7a0-b604-4e61-813a-37b9812ea291,1
24761,1
6422,1
43660,0
58212,0
bccd8905-b766-4d75-94d6-aa5058ce1513,1
39479,1
0af877f3-4dc7-42e5-a81f-9a9ca1dc5754,1
2b5588ae-a6b1-4f69-b0f0-9778bc88f6e9,1
10871,1
29784,1
ab500c6a-0264-4781-a1cd-3eac00266539,1
66842,1
3383,1
25306,1
51399,1
69163,1
7786,1
33380,1
33827,1
f5155827-8928-4f6c-a178-55b986d7d44a,0
12930,0
9187,1
5478,0
6786,0
14891,1
17950,1
57911,1
bd225646-fc7f-4d58-9879-36b130b7189d,1
68964,1
43464,0
fa162ed5-a8cc-4983-998a-6287e5a06abf,1
cb90e1a5-fa0c-4523-b5e7-d0fda5abc262,0
ff4e6c83-165c-49b0-b27e-2e4c36954a66,1
7549a66d-4efc-4e7b-bdd0-1c09435458b7,0
42627,0
51460,1
62671,0
7fffb156-36a9-49c3-84ae-0bcc68b7cf5d,0
3800,1
35657,1
dda8a500-05fb-4b56-8f19-00717150bd0b,1
15223,1
10174,1
19920,1
18617,1
9bb84517-514e-4263-8964-c9526729202f,0
69169,1
10099,1
5b0e16c6-0aed-4ee3-878e-9dc9a70cfeea,0
29222,0
25f4935a-fa5e-4a62-814d-2b6b39741f24,1
0184f0fb-8c0f-446b-9850-771bef086ed9,0
549edf80-69ca-4539-adae-10038a651980,0
69837,1
e8378b5a-3718-449a-bbd2-f59f30653bfa,1
3ffacec4-bb35-4997-8065-028ea976fbdb,1
55363,1
bb939825-0f2c-48bd-95b8-1d339c5da5ce,1
53978,1
10252,1
69515,0
2865,0
38776,1
29494,1
39292,0
3919,1
35777,1
53130,1
39542,1
39514,1
11018,1
7487,1
7e82bcdf-499e-4187-874d-9f1013e5a269,0
55307,1
10141,1
e2280968-0eb6-4685-9920-81b5c587db21,0
4944,1
42284,1
62505,1
33787,1
51262145-255f-486f-bbe9-4b7721e1c483,1
32469,1
7084b0c9-d011-4fbe-9f15-9302c285ab89,1
57506,0
30129,1
52208,1
50248,1
369ec398-e879-4070-9906-16e6226b5f04,1
49663,1
69520,1
35973,0
d9c3fb10-f5c7-4162-88ee-4244027f622b,0
58501,0
0f274b93-5105-48d3-a99f-43a56d073cfd,1
42402,1
24633,1
64585,1
ea0ce49c-170e-4cae-b8c7-19bc58b41fb0,1
41495,1
1891,1
41584,1
45791,1
35f01bc2-9bdd-4487-87eb-bed8d395308e,1
29926,1
63f330a5-0833-4fc0-b1b4-ec676185981a,0
16301,0
30308,1
9f4660d8-0c3c-418b-a643-f8cf4eba5a37,1
64999,1
50770,1
32966,1
30707,1
58940,1
53409,1
4ba80a55-7f4e-4e00-9dc0-1c7abb0ddfdf,1
2770,1
5ec14449-629e-4bfe-a89f-2513e3f4657d,0
60628,1
7aa3c990-1046-4b21-85e6-e339d93b2867,0
5430cb01-2cac-4193-9f67-f09c8cdfc0e2,1
56c0cbd5-0ccd-4476-b6f2-73f41139f6e7,0
1141dd1a-5bbc-4b21-85a9-1b840a01a196,1
46437,1
74526,1
f57464b2-8572-43b5-88ce-90fbf4e2e265,1
b1fffe7f-2a51-4d61-8fe8-c7ceb9245409,1
10064,0
35552,1
8167,1
48836,1
8115,1
67846,1
cbac993f-89f0-4246-a8fb-a34d37c0f6c2,1
f47ebaa4-3859-44c0-9b47-c1a8c17561e0,1
45805,1
20577,1
7283,1
22104,1
18392,1
40518,1
9338,1
52758,1
b568668a-90eb-492e-8c71-6c3c83593c74,1
73205,1
b1c2433b-86f4-4895-bcde-78e0cd34de96,1
13447,1
30905,1
909d1844-bbbc-4471-a0a7-b3933be06a7c,1
82abd86f-c760-4f62-bf42-db5e8ba94811,1
11311,1
29606,1
57809,1
f912ae69-7569-404a-97a1-d57e8395c9f6,1
46718,1
32358,1
58666,1
5844,1
18671,1
9158,1
15328,0
58473,1
20626,1
37112,1
39038,1
6dd76e79-f082-48d6-9b13-d55a9679465c,0
7885,1
71614,1
14018,0
d4c9d2ab-3ad9-4215-b068-8a6ae889ac0a,1
74172,1
1d5ac1e5-111a-4c3e-9efa-78d095b7d057,1
894bf74d-847d-4b4a-ba65-ed395f95d327,1
6ff6bcfa-ce49-4e81-8a1f-133daaffe2b4,1
7ef4dcd0-75d7-4ea4-872b-ddee13d74479,1
62593,1
69402,1
55975,1
22995,0
9772f2ce-44c1-4996-86c4-b46457d5d7bb,0
bed455b3-190b-4eac-836b-77fb6680fd45,1
59439,1
6688,1
11332,1
55725,0
629b9a1c-c07b-4756-bd2e-03f3714f4de7,0
49181,0
53991,1
f3a9ab68-7013-4466-b147-9dcaddab40ec,1
40593,1
8949bbe1-d59a-40a3-921e-b215aaf8bfde,0
35058,1
23608,1
36102,1
62040,0
55733,1
24460,1
b8f6f759-da03-49e2-a7bb-2e35ca4c92ee,1
62605,1
2740,1
8aa9a21a-a60e-4ffd-86b1-11f15030a5c0,1
29098,1
e70d5a2a-4f35-40d1-9beb-ce32d298f69b,0
41756,1
097bc025-02d6-49ba-8546-bf209c985857,1
52656,1
51517,1
8fb94565-4552-4dc1-b1c7-a7b0fb09cd32,0
1333,1
f225811d-b55c-47fd-816c-108cfc91c596,0
bed4442b-a514-4d7f-90d0-2247dc0e62d4,0
72755,1
46095,1
41652,1
3392,1
26810,1
74542,1
23244,1
bc069074-b164-48e4-82bc-7c7e78c188a9,1
8e3fed9a-e227-41be-a662-283a659d18c2,0
58368,1
14640,0
bfe1a863-f71a-4b4b-bb7a-c866f643f6f0,1
17157,1
7def9cc1-e1a8-462b-bcd9-8370aa5dc141,1
43947,1
432ec464-cf68-428d-bbe0-5d25567d26cb,1
0756aae4-1980-4f41-a29a-24976b2aa0de,1
669f87a1-c0ae-4677-a33d-a44341fab6e4,0
21282,1
a8ea8766-051f-48dd-9f93-3afdfa6f4972,1
20611,1
a1a7db4d-0243-480d-94f3-3243fce41ad4,1
55227,1
18131,1
69606,0
28306,1
10893,1
2dc02656-7654-4b65-8bbc-f3e9fba6083a,1
26935,1
47491,1
61be99da-553d-4aa8-ad82-98f0a0067d48,1
35160,1
47033,1
49820,1
45904,1
61123,1
ca1f0179-4413-4bbc-92bb-6522dbdee43d,1
16447,1
92b0f089-4b9f-4704-948e-0f512613b5b6,0
43712,1
14436,1
13104,0
4155,1
52145,0
35704,1
cf8a43f1-1063-454a-a508-cb6401140554,1
32807,1
4215,1
ed2fd305-d396-4b87-bf10-f81c4506db62,1
6752,0
61619,1
5b850739-c4c4-45a4-97e4-dbb2f4a7637b,1
8c4bf37e-46f6-45eb-9c68-c7a14e6572ec,1
14185,1
32473,1
60d30a85-725e-4c56-bf7d-dcba70833066,1
72337,0
68011,1
5a6e37b9-4270-4dc2-8f89-980f39be9e4b,0
22555,1
17907,1
46323,1
72400,1
55794,1
58121,1
6dfaac3c-1bb3-4662-acbf-6b4b4f541c70,1
c48a019f-42a8-4cc6-97b1-875fe916b89f,1
47700,1
2d69e990-c4c5-4d38-9fd8-6420aaa39e6b,1
40067,1
dcba6c2a-60db-480f-afdb-aab782287bd0,0
33250,1
55823,1
e34e6b84-12d3-4e54-a28a-80b0bdef4d2d,0
23562,1
20573,1
43084,1
13255,1
30058,1
3f105539-9391-4749-95d1-7498b0a6cb4b,1
c3bc6735-a23f-4578-86a2-6ed09c9b37c3,1
29111,1
12497,1
27554,0
9ca016d4-d710-41e0-afa3-33c8e8b361b4,0
25445,1
18164,1
20894,1
9ce0b742-1822-4bd9-9847-37746e8bef8f,1
25855,1
7492,1
14249,1
12,1
34326,0
03c76724-d0d4-4c4b-a7ca-5cf38a464857,1
30760,0
90119a8f-68f2-47bd-9e78-847c2508108a,0
6933d316-b844-4070-be62-158672353d0e,0
17129,1
50286,0
e8e26c13-3e1c-4387-9a01-2d7b60aa3d29,1
25884,0
6d84cfdb-a019-4758-9a23-2343c2c19686,0
47430,1
53716,1
dcd7b129-9416-4fb8-8974-28600d6e6fef,0
63662,1
15883,1
edfe63d6-41bb-45a7-ae78-3a43ffe45f88,1
49451,1
30788,1
69662,1
16906,1
20091,1
68378,1
49117,1
61395,0
30301,1
61557,1
68e05e06-dc40-4c06-aa89-1c31b0cc44d3,0
41145,1
66740,1
53836,1
0dc93dc8-ea7d-4aef-94fb-9e12d030c872,1
68723,1
175,1
46243,1
11123,1
ae6dc3c5-c6ae-4669-a4a0-71fb2a6e46c9,1
77249f1c-ff22-4dfa-ab26-24e9c978061d,1
403ac7ac-8d7d-4bf6-9940-87e9a1260d10,1
35182,1
49298,1
69479,1
d1b24c78-c7a0-41c1-acce-d9363a61cb3a,1
62810,1
19313,1
9a873597-2bbc-4ca9-8d2e-621555c08b21,1
14854,1
dab8b32a-04c3-4a3e-913f-1d49eb15cb19,0
19040,0
9e07f6ec-42cb-4e2b-bf6b-e3f4c2ce2efd,0
62858,0
28976,1
5b2aa0b5-b33e-41d9-a14f-efde46627395,0
65103,1
45659,1
28878,1
14353,1
18515,1
537b5eab-54db-48c7-80f7-9a08048c55af,0
406ba88b-0bf6-4461-a6a4-63a1086e748b,1
10245,0
e7bb79be-bcd1-4084-ba05-3b887837d91f,0
65251,0
32220,1
0069a467-84fd-4b74-828a-0dea10939c5d,1
4c107947-0483-4224-8051-0dfc87ae955e,0
10802,1
9e742987-02e1-4956-a02b-430e71dc1cb6,0
25649,1
24269,1
54093,1
61342,1
10625,1
46278,1
bb98f451-8533-4b28-bbc5-71fe5406c917,0
67161,1
17985,1
19422,1
62107,1
40728,1
7d21cf14-8add-4f1b-9706-40420984741e,0
55740,1
23858,1
17230,1
a8869158-e0df-453a-9786-ba0af4b9632d,1
1560560e-2842-4480-b3ba-f65201fa4c01,1
48e47d22-45ae-47fd-90e6-2ca35df282fe,1
71914,1
5069,1
30152,1
1b861880-e0cf-4411-8f5b-17ba06a2452f,1
45797,1
10022,1
96a79572-b5fb-4527-b673-eece6d30fbd6,1
54297,1
24304,1
33000,1
29821,1
90b2e902-5ee5-444e-b1d2-2c2f335e6898,1
25966,1
22050,1
5ae49232-2dc6-4731-8daf-28acc1f3f54b,0
12466,1
20944,1
50367,1
72910,1
62997,1
d8f156aa-6c25-4936-91dc-5c4d0a955b5b,1
31643,1
65246,1
32974,0
41001,1
921c51cd-f44c-4c7b-b8f9-baad4d452c69,1
9760,0
3a38cef2-5165-48b0-8711-11270380cb93,1
23225,1
dcd23c6a-f6f4-4cf2-a560-c5e547040a09,1
36691,1
29496,1
e425da6d-5df4-48f6-aaa1-b9a3fc1c3437,1
54887,1
45784,1
61888,1
74531,1
c9d14ed6-979d-414a-af8d-54881d5272d3,1
402926eb-efa8-44a6-ab1a-83792334d9c8,1
51645,1
45399,1
74489e99-7d9b-480f-b5c3-57faacb6851b,1
51802,1
46318,1
18501,1
3f4c3aed-c43b-4a50-8f1c-d6b27ff93059,1
65875,1
23711,1
42418,0
5180,1
42088,1
4ac23611-c73e-4d77-a205-ec594a619e39,1
e185ab4d-b19b-49d2-9fb6-2f2c9c14c2cc,1
6307bf21-9283-44a5-a30b-60f7142517dc,0
5460,0
22946,1
58933,1
5079,1
33042,1
63455,1
4da9a2fa-eef9-43c3-9490-515f6b26f9f7,1
33693,0
4f18d18d-197b-42c7-90ab-690617a7affd,0
27844,1
5833,1
36095,1
52830,1
66530,1
40280,1
57922,1
13823,0
4806,1
31007,1
50120,0
66978,1
b092ce9a-1d03-4100-b121-cd944094adee,0
31509,1
ed1adecc-47fe-4914-b7a2-1d949083c8dc,0
37745,1
5b09c595-341f-4dd8-97ac-b22cf140abf7,0
1504,1
29549,1
8c697cf9-f382-4dd8-8c7b-516c709ae8db,1
33956,1
30268,1
41103,1
11471,1
24095,1
8171,1
61207,1
61030,1
34203,1
3ff733ee-00ee-4b02-8e86-e63fa373bd09,0
25198,1
19667,1
54089,0
a0d18781-afdc-4305-8090-f5e71d54b345,0
69077,1
40852,1
65942,0
6906,1
51658,1
70795,1
31908,1
1095,1
b4e771d9-6c10-4734-a078-9ff15b2bfec5,0
bf75d885-8747-440c-bf41-dec3ad195735,0
29405,1
8273,1
466,1
ae2fd833-70d2-4dee-9207-bb8df4075ca4,1
6dc2c3f4-c73d-4097-9fdc-90ba04b4393b,1
73200,1
65564,1
2155b65c-c436-4b83-89b0-0ce86df932c8,1
72487,1
25680,1
dd7d1093-e082-4d48-830b-ca7f92f54731,0
15486,1
44726,1
9965,1
5485,0
10209,1
5289fe59-e966-42dc-90ba-00887f135874,0
67394,1
2fe071d7-abbd-4232-a08b-c64a1a74a106,1
41090,0
14807,1
48095f66-144e-480c-925e-9476b22d3c62,1
61401,1
35997,0
23814,1
88187df2-7d76-4686-8217-ef17f8d2cebe,0
45555,0
5ab6f4ac-780c-4c43-a07e-b5372a9b2e83,0
60856,0
39213,1
61332,1
56313,1
f0f6e211-a5ae-4ea6-849e-b0ff87825c16,0
23390,1
33671,0
54585,1
2942,1
48579,1
59506,1
32817,1
e693c265-9371-4508-ab77-20fcdb535e9d,1
42741,1
67456,1
f75a3e0e-660d-4ce2-a72c-92e4f24473bc,0
28722,1
b0bc2665-8e24-46aa-be18-2a0b95ab9c63,0
39532,1
36609,1
5845,1
36fe88e3-60a6-465b-9926-0260ebf8bd1f,1
f24df7e6-2348-45cf-b5b3-9b20115a8c0c,0
217a2c4f-3e1a-4be6-8a40-5f4f2f773330,0
f88f493a-9083-4a33-8b8e-899b09abda63,1
36096,1
26105,1
70048,1
fe4c7635-27ca-4bbb-a11e-17b3fc940be7,1
02a81f48-87bf-407c-ad8d-c064925d4159,0
4f8d0e9f-488a-4f81-8ee6-d4a05c2a6189,0
12145,1
d99d6b7d-e76c-463e-a3e0-3f7effa24d93,0
50990,1
bde2f1d8-68cb-4d51-a55f-8cfa19c5fa8e,0
3580,1
e0abbe4c-d399-4b01-9c89-4caefde8f83d,1
f682d67d-61b0-4cbe-90b8-c0de92999595,1
26241,1
63470,1
24923,0
11021,1
21338,1
69374,1
6a0b2d18-a361-48a7-8fb9-3efd0dde164b,0
54052,1
11664f26-6775-4336-858f-d44d3cc43001,0
14580,1
093661d0-d180-4ae5-8336-eaa79b8192bf,0
1eca967f-e093-42e9-8207-a2610d66db1d,1
5205,1
48146,1
12249,1
66245,1
45304,1
4359,1
66a502a1-c559-4dab-b577-ff7eb3110961,1
28867,1
48411,1
401edad7-074d-426b-9075-b0b09c4c4269,1
12811,1
62751,1
64907,1
30893,1
0cf7d506-e1d9-45c4-b267-ca082f12740d,1
71173,1
22329,1
10568,1
61233,1
50236,1
5e495f5e-7141-471f-82d0-27e8d10ba535,0
22529,1
7ebf56d9-499e-403c-a02c-620316356450,0
18363,1
65415,1
6f09248d-bf34-408d-b76d-28d92ef4c803,0
67099,1
57467,1
7500,1
33475,1
13418,1
7046,1
f7d05579-d50d-48d4-8258-a0afbd12e253,0
847,1
3e323a13-93e2-4969-a510-3ef65d32ff76,1
54391,1
60572,1
56304,1
31304,1
40005,1
c4f2fc56-4725-4a61-b9ab-b5dc8e84e5b5,0
54009,1
29571,1
43680,1
e49e6b05-39df-4ece-bf62-e15f3dbc7cad,0
74227,1
67561,1
67016,1
47644,1
8404,1
69040,1
1f6d554c-e0fd-4438-b031-d787607cbe03,1
3714,1
4350,1
18882,1
57515,1
308f3a16-032b-4ed7-ac35-d5ee97619b4c,0
1897,1
11575,1
70510,1
410b0a0e-2af7-40e7-8858-f58ebf350f75,1
6191,1
62642,1
68028,0
38141,1
31832,1
2138a382-3323-43be-9f0b-d7095e27bf29,1
59205,1
72582,1
cc3b664e-a650-4325-ad8a-1a9c9e74c053,1
43902,1
42593,1
14715,1
24084,1
6501,1
32769,1
67360ceb-4211-449c-9db3-03334899fd5a,0
39206,1
8993,1
43973,1
33717,1
38308,1
44411,1
63433,1
45126,1
12d8b0f2-0ca6-43cb-811c-a2f6a7339875,0
12940,1
56989,1
13039,1
cf233dfb-4d23-48f7-b9e1-0eb761cfd5ff,1
14526,1
68865,1
30585,1
bb81ec6e-310a-4c3d-96e9-481f859a8340,1
53981,1
e63c64da-5f7e-4bd8-9ca6-553adf12d71f,0
34383,0
25070,1
828492a8-e34f-4e2e-8381-0c3aaf8727eb,1
73362,1
40254bc9-2645-4cde-ad69-091a143f9f2d,0
59878,1
9355,1
6519,1
71720,1
15788,1
42802,1
c5c15621-15f9-4a12-a040-c43ff8579d6d,1
18773,1
39410,0
430cb9aa-0156-4229-bfc0-f17cdbd6d7de,1
12437,1
43132,1
7215,1
13514,1
3761,1
c3bbbd4d-47f4-43da-ac6b-57fbdfe0b61e,1
a8745bcf-a4ee-4033-b708-e63b4481e79e,1
43550,1
50163,1
09ea1a66-6bfd-475a-8bed-92171425a9b7,0
616b4fac-34c3-48b6-a39e-c4fd35db2be5,1
13aae7ac-18d6-4bab-b38a-3b228a95e499,1
18343,1
46798,1
46f82c0c-3ef0-47e0-9053-4eaa2bf457f8,1
64965,0
44846,1
66498,1
99bc2223-d5d0-46b0-9893-b47277caab11,0
50d95d79-079d-48d9-bba1-24856efd7c9a,0
37438,1
20622,1
35216,1
60575,1
31137,0
53897,1
5ecdfb93-3296-41ca-9077-ad100eecc8ca,0
47039,1
41941,1
63577,1
82a2c416-36c3-4340-a3c0-2d7b94bf7819,0
48208,1
d87cc948-1631-4215-8ec3-8ed536040cd8,0
24624,1
bd6e5a10-6ff8-4d4d-8706-67bbf716df3a,0
11990,0
8010,1
50719,1
65860,0
68432,1
3634,1
9efcbc14-b3f7-4211-8907-95b87d540395,1
16731,1
45830,1
b537db99-148c-4803-999d-d67a4bcaba76,1
10393,1
61344,1
2ddc1508-8b9f-490e-9685-415a485137bb,1
19832,1
ea82b288-dea5-4db7-aed0-f94286f363ac,1
fbc54ea1-0457-4906-b110-8d297cae7319,1
30214,1
b8d44d0e-3a0e-4801-a2e3-8a40bd000d03,1
33625,0
6449,1
52003,1
4c2a76a0-6738-4ceb-addc-c2831d56c8ab,1
3923e5ad-8214-4f58-ad58-250dd57076de,1
34168,0
48084,0
30187,1
1a2bc0b0-5c02-4dfe-9f9a-8087f878a854,1
c30a74c9-7afd-4192-a64d-9853487d357c,1
56526,1
7cdfa73a-8b20-45c9-8a35-21c6be458c1d,0
12d08c4a-9d87-4e2c-9830-b626fb141c61,0
d08ba405-42b2-4e17-bc9f-749110555401,1
12834,1
51625,0
13369,1
35811,1
47098,1
71192,1
37252,1
3423,1
45801,1
5787,1
40180,1
63518,1
22085,1
37293,1
7655a311-9ad5-4aa9-876c-c37797c678d4,0
31ded14a-425a-477a-8597-d688d346bbd4,0
40159,1
d9443625-5076-4edd-934a-3de21d70a13d,1
0c5fbcb2-178b-4083-af66-d515c8b5a7f2,1
f0485c75-73a7-4e69-8139-9d7e46c869da,1
11948,1
1716e79a-2d69-451c-a429-3bde731b9114,0
8277dde8-f0b9-4db8-9579-2e1775a7ba3a,0
39546,1
158c526a-c30b-430f-a8fd-53f683f3cc38,1
c1040f28-aa73-4aa0-bae7-cd5089325688,1
35955,0
60399,1
29138,1
6ba3990f-fed8-469e-bcc4-9308fbb3f837,0
42597,1
9061,1
22952,1
21846,1
331e3362-b2c4-4671-9995-40873785ddb1,1
787b019a-3f4d-47ac-b1fa-e703c7a078b9,1
38281,1
26141,1
71251,0
18113,0
a24960fd-fe67-466b-a296-916132be0256,0
51992,1
66866,1
26956,0
46535,1
8805,1
77a2573f-4048-4c9d-b9d5-8e5e5a3c54e0,1
19483,1
55896,1
21010,1
f284c983-57a2-4b46-b69f-961f49392e8b,0
24820,1
11186,1
53873,1
7030,1
46544,1
34944,1
d8da576b-05e7-44c6-8158-3710327c98af,0
e0a7bcd4-b7ee-4e97-ac96-3c6c5265d2e3,1
1414,1
36739,1
3706,0
387ccd9e-d8fb-47cb-9dab-af1868185acb,1
57544,1
41762,1
9f58e1b8-9886-4787-b5a0-eb6b73cb44ab,0
8eb96c1a-6193-4f0f-843b-4b91efbea553,0
32611,0
43719,1
60643,1
f43cdb1d-25dc-4eb3-86fc-c746fdadfda8,0
8991,1
3066,1
56823,1
62313,0
4fc74d22-c9ba-4f2e-8368-3655ed82d886,0
32639,1
52967,1
60172,1
d5592fd0-c2a8-46ef-aa0a-167ec890df11,0
6dd14893-dfbd-42d8-890f-841b9f0e1104,1
fe51e6d2-bc4b-40df-aabd-cf115f5ba445,1
2984,1
38728,1
69441,1
66303,1
52862,1
73691,1
71552,1
d0459b22-501b-4ccc-a12c-80ce2d9e2e58,1
45875,1
20633,1
74580,1
43580,1
1940,1
27250,0
95a3f02c-2feb-414c-b4b5-51516aac092d,0
35654,1
45016,1
69314,1
167170ea-ab8a-49c1-901c-72f95e2ef791,1
303,1
c0d79399-8c55-4cf0-87b7-a67ee23bf9c4,1
29360,1
24332,1
47694,1
48732,1
bd5bd487-0694-4e71-8816-07e75e9785ac,1
38096,1
66976,1
53eec3f0-c6e0-4877-ad80-28f7c49ea225,0
15620,1
39321,1
34673,1
b9935563-89b1-4e72-843b-40b478d1e2f2,0
3913,1
72599,1
55488,1
5ee8c219-bc7d-48b8-9b49-737aec8af569,0
72465,1
7351985d-b856-41d6-8745-70552053449b,0
25777,1
7279,1
5274,1
5300,1
70963d54-dfda-4282-888a-8605dc5acde0,1
42239,1
14220,1
21afaad1-d7e6-43b1-bb19-1e682a518d5c,0
30475,1
41691,1
18471,1
52742,1
42860,0
54437,1
c6294f7f-b595-4f9c-ae7b-d7b3d410cb40,0
18753,1
28731,0
a43c155a-8a7d-4655-a7f7-090e7038b141,0
59656,1
50823ba9-4f10-406c-b3cd-3ef7c948b587,1
64232,0
44095,1
3296,1
0859ee64-7f36-4e43-a91a-1cbd1920e24b,0
10870,1
aab64282-82ac-4b76-9dc0-e2595745f9d9,1
63953,0
87b570d1-8fb6-4fc0-ab99-10c71eb96317,1
61969,1
32790,1
22334099-bb61-4093-8e12-9db463f6ceff,0
37531,1
a24ce4d6-166c-4e4c-9816-5b17c9f2341e,0
23733,0
56133,1
a38acee4-f8a9-4d7f-b8cd-91edd005d2b7,1
31187ec2-aa26-4455-bfb0-587f07c8d581,1
4ad1b92d-a864-42ba-8ffa-9e2359c54792,1
22681,1
11316,1
67823,0
0ea93f5b-1e62-427f-a5c5-c9d82834c145,1
24162,1
56669,1
15914,1
420ad925-02d8-40bd-8eee-5c115f44c215,0
19684,1
35535,1
6547,1
53582,1
24226,1
fd84e4f5-eef8-4a19-913b-c8e6f4ba3dfd,0
8543,1
75db8176-3ee3-453b-b295-ff306c50703d,1
43407,0
51202,1
20102,1
37799,1
56872ca6-ac41-4820-a304-e60e69098325,1
14650,1
108,1
a0a8eaac-bbc6-4580-b6a7-85de1c385946,0
17970,1
42513,1
53586,1
5343,1
71022,1
44483,1
9512,1
56487,1
1141,1
34982,1
c9684395-00df-43a4-9916-9b7726774bf0,1
a5d9891b-18c1-494d-ae67-a89c80d2c538,1
9051,1
52c6ef6f-3053-4ec2-8359-013112aa87c4,0
7bd2cc6a-420e-46bd-98ec-1bd1cc060f67,0
63409,1
46654,1
23934,1
41605,1
51314,1
38352,1
70278,1
23672,0
0f8d7c79-c6ba-4c2d-9f7d-77db53cc1505,0
b59d16e3-de97-4463-b73d-5cdb362465b1,0
21391,1
30564,1
30117,1
37744,1
22259,1
1685,1
8347,0
72616,1
fe725e90-e6b1-4f7b-8a8f-28c096bb412a,1
10ecae48-827a-4835-9b6b-db56ad97c8e1,1
68622,1
150,1
10072,1
25517,1
5759,1
a59af754-360a-4565-910c-5ccb6438c36b,1
906e184d-5bd4-40b6-882a-76f7d186f814,1
8aabe8be-f26c-43a5-a683-866e37e98ef5,0
95a731f3-3bda-4f4d-8b48-f3809dd29759,0
72663,1
16478,1
d8e257bc-dcb9-4a08-a408-fd44eec21c8d,0
8453,1
25499,1
6d7dae82-ced8-4a37-a96f-d2314a616e58,0
19092,1
33286,1
69187,0
17892,1
68184,1
71ba4ad1-14e8-444b-b8dd-3d108689492e,1
37489,1
27105,1
10944,1
56807,1
38500,1
40680,1
12315,1
32568,1
bbc3a082-b6b0-4458-98bd-408d9214eb6c,0
8c286f6e-e0f7-4735-b47a-cba66f26f69d,0
a1d07baa-5483-4558-a515-78ef9e63c7ba,1
28b6cc28-af54-4312-a0f8-169232bc678c,1
456698d3-b018-4aec-ae4e-71ccbe9a37ab,0
acfe1fbb-6f77-4283-8f79-215163516539,0
52612,1
f5fa4694-1f95-4109-8bd9-4fc622d9dd9f,1
49247,1
6543,1
25290,0
0038fcd4-0a79-47e8-90a3-c4e8e1fefc6b,1
35671,1
6767,1
55257,1
42527,0
15117,1
40152,1
6218,1
5fac0de3-e209-4570-914e-186ddd659b6f,0
9bfad392-51ee-4480-ae0d-876d54e38db6,0
26082,1
54729,1
e7bcaebf-a18f-43be-a6fb-12b5829d4cf0,1
e247bcdb-eca0-4835-9b17-e747b8d076a6,0
50002218-5efe-45e5-b65f-11c8d9f3de0b,1
3577,0
c2766735-94c1-4738-a074-ac02f957ae42,1
fb1ae9b2-844b-41bf-b85e-45606bb6073c,1
24548,0
22252,1
861d92a9-852a-4ca0-a9cc-ccd00fa66810,0
61021,1
6160,1
62616,0
452,1
3866,1
9270,1
49453,1
49780,1
51041,1
128fb8de-aad0-4be2-bdb2-6b89c2f6c5c6,0
664f712f-600f-4e67-8ead-a10139455ca2,1
41971,1
65416,1
69244,1
3547,0
7834,1
47230,1
48619,1
66d8623e-6fb6-4256-94e9-106961122381,0
f0540ab8-5545-4324-9599-6844633c5f27,1
12241,1
28076,1
2390,1
73f18706-c701-4c1a-acce-3faefc7511f6,1
2518,0
3fe7dff5-e04a-4af4-a3f9-1a7a45daf10e,0
39c82b1a-1099-451e-a57a-dbf6236bc4c6,1
7866,1
ccf78e6a-6e7d-4564-ba0e-aa91fd993369,0
9746,1
68846,1
f0a7d071-2462-42bf-bb98-a6de35761966,0
1ac53502-ab78-472a-ba9f-0137338d6667,1
39356,1
7494,1
59867,1
27643,1
30377,1
59365,1
9846,0
fca838ae-e59f-4e9f-bc1c-a77f88bff3bf,0
48842,1
11827,1
62332,1
fa77f582-11a2-4586-9e65-4f34cde4cb23,0
9bdcf277-e2dc-4caa-8dc8-9cfe9c2758bc,0
b5e09c82-419e-4487-8800-f6f4606c789a,1
20628,0
21dd09d1-6d97-4f2c-b0ea-d699977aa15a,1
24322,1
8106,1
53430,1
80827c1f-7819-439b-be65-9508c5312a89,1
23384,1
34536,1
47888,1
c3606616-86d1-46c4-b2a2-e523239fae9f,0
46127,1
21307,1
b43bd840-ed92-4791-b83b-cb8fce438331,1
74238,1
12261,1
8402,1
50448,1
a3f6a14e-3bf5-4739-bb50-e281384b256a,1
56759,1
8de7b240-cc4d-4d25-9ce2-ed0df1abc586,1
4534,1
83759b07-1386-4c7f-9d76-2acb4f322f6e,1
52722,1
b67a9d2b-ab35-4509-ba4a-8ac7cc12e93f,1
32847a72-cc87-4aab-aa83-56afe27498ee,0
74710,1
a5a888b0-505b-4539-9de4-db100e2d3dbf,1
ed915f50-ada5-43a7-aa02-b2815a60da4a,1
8d526bb6-d45c-48e5-af9a-12bf411b91b3,1
36236,1
25690,0
7326,1
55681,1
52566,1
34202,1
3255,1
29c088ca-5d7f-4ecd-a24d-9947beeb1134,1
171712c2-c93f-4f50-bb46-40d2d9d23227,1
64742,1
72124,0
5713affd-0c16-4686-aa7a-47b8ca573da8,0
6390,1
91,1
58219,1
45806,1
25565,0
4568d3a5-0b4f-4806-aaf7-c08938c3bfa5,1
946e8015-9de1-45dd-8ba9-d7962fec8c09,1
4465,1
63975,1
fea0ff8c-d724-4c64-84da-9facf4f5d528,1
36624,1
38383,1
68527,1
6845,1
49856,1
6238,1
24312,1
65810,1
8150,1
74095,1
71627,1
67793,1
5461,1
2f474733-74a3-4acd-ad1f-c7f6999f1c4b,0
37073,1
20798,0
29343,0
22327,1
18770,0
16407,0
29948,1
5900,1
10082,1
775c8b74-c123-4614-9bdc-c49cff70e7fa,1
52071,1
37821,1
a160d13e-525c-4eba-a744-22ad3420a654,0
61132,1
60769,1
21033,1
24401,1
55201,1
792374ae-c7a6-4e90-8bda-528ac8e5b6bb,1
47036,1
e165211f-37e1-4c87-9027-93cbdcafaaff,1
71611,1
26539,1
46147,1
62477,1
2aa47ad4-b201-4911-ac05-a601d33093e2,0
51211,1
30766,0
a2359c27-10df-4061-8746-694f21ae0e94,1
61788,1
44265,1
41248,0
66332,1
511cb728-2f9c-4853-86ab-804683c3c69e,0
b0209e2b-ffd0-4629-aeeb-c7087f50b54c,0
28182,1
10143,1
7574,0
43784,1
646,1
e498132b-ac94-47f1-b459-7c069f531f90,0
89ba13fb-9bce-41d1-bb0e-8132a32f72d5,1
59072,1
10990,0
23392,1
32422,0
de9719a5-d66d-48b0-80fc-2c94a0d111fa,0
26077,1
82bdcb17-a992-4fd7-a089-dc34f4ec08d1,1
43f2b944-2924-4cc2-96a1-9b61c3c1ab42,1
8059,1
34723,1
35573,1
21098,0
b693d70c-460d-49d5-a982-ef649f0be14b,0
31582,1
7432678c-3c5b-4eb8-aefb-3f593a870d1f,1
11146,1
25939,1
7b613333-c6ec-4874-abd6-981a14da1c19,1
f03c5023-a78a-4fff-8a66-ec861a810d30,1
64aa314b-45ad-499e-8fed-279b063032d2,1
d5c0aad6-ec44-42cd-996c-69a72b6a0388,0
15575,1
72906,1
34867,1
0d972309-f5f4-46c4-8206-7558330c5bc5,0
41299,1
64919,1
43371,1
58308,0
52781,1
63747,1
6a7054bf-f628-4c9b-aaaf-43e34e7a6656,1
acb4b92f-216b-4a8b-9c61-08841187e0fd,0
61701,0
8ac0c45f-77b2-4eca-b65e-20eaffd8a8e7,0
20707,1
20095,0
a8c47a17-268b-4bca-a770-42be1eb27b3d,1
bf62d2ef-6b22-4b62-a63a-408fb84bee86,0
16368,1
15791,1
2291,1
51128,1
0f4a5000-aad9-4dfb-9b14-fa372ada8f53,0
9667,1
9362,0
44494,0
60765,1
21847,0
5929,1
26705,1
6b231382-37d3-4a2b-9436-61e954328ca5,0
7226c323-da24-4bb1-b5b8-7286a47bd54a,0
10312,1
56933,1
8b81c9d4-be4d-41da-8c22-ff4e8914d1b6,1
28695,1
52616,1
40269,1
24465,1
5283,1
5557,1
67909,1
31298,1
15897,1
69140,0
61280,1
44870,1
e88db2df-7fa0-466e-9ac2-70123c3414b8,0
3921,1
46225,1
39970,1
71786,1
4263,1
35823,1
2a46e26e-e60a-4aa3-9851-a683a380ed49,1
31300,1
9cf5560c-1df2-4c51-a07f-48fcc7ba9669,1
14197,1
32006,1
65943,1
36517,1
41975,1
46540,1
11346,1
24bf6213-cf6e-443e-9128-a204ef738854,1
64857,1
b7e97358-5e1a-4f63-8b7d-d324e50ff4b7,0
18046,1
9b0da212-aeba-4d2e-87af-51a323177545,1
34951,1
12173,1
6517,1
26748,1
29239,1
1385,1
27328,0
62bd1c13-0c67-495c-860c-d40bf081710d,1
43340,1
28687,1
31829,1
a0a71cad-abcf-4ec0-81fa-3c4f3226e208,0
30077,1
36058,1
17556,1
26878e6b-62fc-4224-b631-eb0172587967,1
21001,0
12917,1
2132ba8a-f0a8-410e-9794-4cc6e22f6b10,1
65513,1
c1c219d7-1d2f-4d3c-b74c-ec3c0fd056fb,0
58301,1
15329,1
36092,1
7891,1
18855,1
4372,1
a7258376-1a47-49c5-b43f-79d9c3193d24,1
3c5adf03-dae1-4ba7-9b7c-4a156b28cf71,1
905be33e-9698-4152-a6e7-013833583b21,1
63140,1
54305,1
78e72865-cbc9-4c80-b224-5d51710b546f,1
20758,1
61825,1
70952,1
11551,1
33347,1
22613,0
53877,1
48021,0
47184,1
4711,1
acd83467-cef7-435a-b1fa-850f2fd91799,0
14831,1
126cc670-286e-4bd6-ae80-ba8ee329942c,1
45328,1
3fc623e7-13da-4014-b36c-755526f865fa,1
25658,1
60709,1
f7507728-6930-4055-b30c-44946727cf5c,1
15779,0
d021cc70-304b-436f-8f3f-6a0cd48a18c3,1
84fb98e8-c14c-4c22-92a6-d696d4860cd1,0
66722,1
31676,1
9171910b-92ec-4687-bfd7-0bae3f0dd5c3,0
5eccbf0a-5be3-4f73-adbc-cbfa08a29078,1
33e2046e-2c4c-4e24-85fa-d1ff8426d475,0
23961,0
63872,1
14517,1
19317,1
1506,1
16560,1
bc51355e-ba1a-47fe-8eb3-47d5417eeec7,0
34975,1
34353,1
1fc13065-2c93-4def-b9af-cda5f51e4eed,1
68850,1
16462,1
11592,1
0bb55134-ceb8-4e42-becc-eef6f76ea80d,1
70218,1
65328,1
16254,0
2fbdbd88-567a-4857-a4f7-16f4f3bdb17c,0
381841d0-dbdc-467c-9793-e71f8a1270de,0
18534,1
66171,1
23358,1
22325,1
43701,0
66705,0
152d08b4-8be6-4548-b963-ef9194feb2bf,1
39859,1
c4abaf2d-ff36-4cd1-8f30-8f5b5da9772a,0
58340,1
20704,1
36871,1
42356,1
81d4fb24-a042-4c25-bad3-7d8723196302,0
17485,0
33777,1
37492,1
74,1
12563d78-2456-41ea-9e6c-1fd8797fe555,0
4f9dbf6f-3688-4156-bdd4-7ea64758fb62,1
50005,1
8a1a8311-1022-4fb4-b742-d2c266465511,1
04d843ea-1cbe-4bea-b654-e4fa3c9b3bf9,0
41892,1
66388,1
55246,1
d403e8f7-2ed1-4bab-8336-c0c2c5fbe1f3,1
132ec915-5b22-43db-8220-d7a29e1ad563,0
11981,1
9831,1
28189,1
5897,1
10062,1
59070,1
74252,1
3604,1
928c84b6-8369-4ee3-a9b1-a18571d3f963,1
50969,1
57685,1
031e5fa7-0901-43c0-8675-8a8f708e5c30,1
114ca8ed-89c9-44d5-b3e3-fd8cd7b49f9b,1
67288d81-7c9b-4008-bf78-0a4eeeca8523,0
40938,1
39750,1
20839,1
45990,0
a31907c5-c035-4dca-ba29-cb4c6fe3b03f,0
36026,0
d739a72a-e878-471e-aa36-2d881ac362a9,0
15243,1
21e8f5e6-c183-4491-bb40-8f05780b5f06,1
5fb2a140-ca9c-412c-a280-a6fba5229bfd,1
31049,1
47058,1
1c7f07a9-500a-4012-aff2-59fcfd85daa4,1
32528,1
2174,1
160e38c4-2f7d-41e2-97fd-c23a5b3c1ea2,1
3daacf72-f459-4d8d-b78e-41e07d0a2dbb,1
59000,1
41542,1
72986,0
53344,1
49978,0
4510,1
10676,1
870207b8-dc41-4d51-9152-3387e2bef83b,0
73750,1
a7d2e4b7-fb76-47d8-bf0d-e89f7d2ebe56,0
2a7558f4-9a15-420f-989a-4552a387dbf3,1
54319,0
181a6169-c520-43db-8ae9-23fb9b3ccd1e,1
25eca13f-838a-49fe-8adf-4b47b9ce6e1a,0
15009,1
21642,1
897a527b-e9a0-430b-b44c-26035555cd36,1
53308,1
900be1f9-1a19-4f3e-832c-3745630e2989,1
98feb90a-65c7-4196-8e4c-1e6ba7fbd669,1
59565,1
0bb02e52-03f0-4f26-ab79-4bac1b55ff9d,0
8096e006-eb0d-400b-81cf-537682ba80eb,1
28022,1
45245,1
d5d40fb7-5f32-4bad-ba63-0a7f32ae1a30,0
61466,1
65929,1
71642,1
9088,1
230e647f-e3e4-4a71-b0e8-07b1f248d5f6,0
16772,1
61889,1
42949,1
28418,1
9f39ceaf-847d-4196-9476-612225a1a358,1
46443,1
51c222d0-f7c5-4ca7-bc06-5ad8584f82bf,1
66897,1
60125,1
31508,0
22770,1
71315,1
20675,0
10235,1
20581,1
49276,1
7c23abba-31ec-4ff1-9e63-835c2b891d41,1
1009,1
17013,1
a5450a46-1bd0-4b7b-a78b-5001b1da1f9d,1
11122,1
15111,1
62787,1
d27ffa3a-70b1-49be-8ea4-b629be366f75,1
62274,1
6668,1
54824,1
27898,1
2352,1
55057,1
df91b392-4b3e-4023-9899-ed36f583c574,0
554,0
c238c42a-8e2f-4a62-9396-3b1e8fdebea4,0
e0db6fd2-a0f1-4f1e-b0ad-04df52f6e0a2,1
41765,1
bccfcb47-d068-46f3-80f6-b0cf20513d5a,1
7088,1
40190,0
2242,1
c2704f07-19d4-4ae5-9ec8-536c8628becf,0
10244,1
34434,0
43856,0
18683,1
46840935-67b1-40b1-a8ad-766a23b1cf53,0
38518,1
60707,1
7ec9ff62-3943-420d-9558-db578c76da49,0
f6db3d40-684e-4851-afbc-1e5ebe0e37dc,0
27614,0
67af64f6-e53c-4677-bf5e-ba6c5bc45887,1
50212,1
31511,1
eb4d3b7b-dbe3-4dca-a446-5e17c7b10700,1
52324,0
39362,1
48d71ba0-0bbd-4fdf-833f-aa8277c316f8,0
35009,1
2301,1
93bdc4d4-f277-4ecf-8b79-cdf3c946d5b6,1
9628,1
61869,1
9f3346af-fac8-4102-abaf-a8f74f4ca4db,1
10994,1
bae9c982-ca62-46d2-a600-7573425d32b3,1
1ca08ba1-db3b-43a1-82e9-5f323434861a,0
37639,1
08a298c8-8379-423e-93f1-cd6d5c1583c1,0
61493,1
67629,1
d7b2bc6c-ef1b-480d-821b-14829fff41ca,1
61981,1
39012,1
15a4ee5b-649b-4350-ada8-82e2b89328d9,1
e487f99b-c7a9-4706-b8b2-a745f18322a5,0
26756,0
9a277efa-c272-4611-9938-84f9152f9125,1
27120,1
13382,1
bc42f7be-bf6e-4058-a3a4-4050bd112d82,0
49349,0
29336,1
139eb3b6-1379-45f1-a9a0-68eb1a28bdbe,1
41679,1
60846,0
54134,1
49558,1
54838,1
59223,1
e7ba7881-9f5b-4346-bcd1-a8a3142651f1,1
30256,1
47688,0
4049,1
462b0a62-cbb5-4ef8-ad20-c0b5219e9f11,1
69536,1
42317,1
47745,1
b504f273-2216-4727-8fe0-ef370fb48649,0
196,1
56519,1
44123,1
b60d62d9-7b96-48c9-b2c2-c39268bd7b50,1
60535,1
6b2e6109-1cb7-496e-b1b4-7e35bc8b17b5,0
54667,1
7b2b4200-1411-4f13-afa2-59f9930e0e41,0
66384,1
33871,1
23057,1
e7b03b7c-044b-44bd-bfda-ee58d2e5037e,1
5d0b40f2-6316-4c8b-b2d6-f03a331e7e31,1
bf2295f6-1cf5-4616-ba72-77acb8a341ac,0
44158,1
72cb05a5-0efb-481f-a3e3-ca57f4e7ecf7,1
3155,0
34361,1
67854,1
2164,1
65059,1
5584ecc3-fcca-4603-a602-fb33abfdb3ba,1
38349,1
a1a3b28e-a7a0-4380-be82-39633abd4593,1
53860,0
4ea0a18f-a8e3-41db-8b5d-8f92697d02b4,0
43540,1
47878,1
a059880e-85b9-4463-b3f4-c1c44cf27c47,1
0ae04f7c-81d6-4952-b04a-8b3af647946b,0
3362,1
27119,1
470277c7-bbf3-4c2f-a77d-bda806f4e898,0
5700,1
10764,1
607d2845-033e-496f-bc39-9d5fa83ef7c2,1
9776,1
2300c670-bc08-40d0-93dd-5104d794a264,1
18300,1
37605,1
e58cbbe7-bd68-4cf6-8ad0-bb286dfbb2fb,1
41760,1
31901,1
60230,1
38068,1
aceace10-4241-46f3-9920-0c5ade7ee91b,1
33361,1
30347,1
ccfef586-2140-403c-958a-77a11151583f,0
47708,1
12161,1
1d5fa1f1-0520-43f0-ad82-d257902b7578,1
259b3dab-00da-4b86-a195-22af4dfd9521,0
43134,1
5a961d3d-27dd-4fe0-98bd-2a9f52666236,0
71366,1
28657,1
73679,1
11b0474d-1c07-4df7-a290-0df8a98085d5,0
31735,1
25419,1
a5a95bcc-5972-43e8-93b0-8e1046a42a42,0
46782,0
444e4b3e-d786-4cea-a71b-1c8143bc8290,0
30166,1
64032,1
51157,1
d0188948-accc-46f7-8730-4ea9a59b8f2e,1
46994,0
14678,1
4442,1
52902,1
46820,1
55807,1
10833,0
5646,1
57069,0
e26b22df-c3bf-44d3-8397-434152ff2513,0
40a2767e-817b-460b-b906-f49f4a976500,0
a019d0ee-e701-47ab-b768-486f857c0be7,1
30723,1
8b067687-1935-46a1-acfa-6ef7d7e773ed,1
54371,1
ad52970e-9c32-4c29-b961-f4e75cdea602,1
60945,1
57221,1
32101,1
efb3b867-aa62-4a3d-a8e2-9749457344d0,1
48830,1
6c8c7a34-0d92-4af9-8bc7-49592a9c1da2,0
41523,1
42145,0
1033,1
3256,1
69420,0
53038,1
27331,1
46343,1
5566bf4d-2514-46fa-b971-1bda4dfb1a7f,0
38273,1
23243,0
bd6603d9-ff73-425b-a6b0-5b95f293e787,1
45ccb26e-d825-4b90-bc7b-2112266c392a,1
42243,0
17584,1
17124,1
65308,1
10755,1
41ae816d-674c-4974-81d9-47710f7ceef9,1
69741,1
b4cd2e70-730b-4d98-854a-626f0b590e17,0
45912,1
105ec0fa-af17-4b11-bd62-5b3e6a39ec5a,1
65511,1
60737,1
9f074fa9-d031-4303-9045-ccd350588f23,0
64176,1
13214,1
6f09d1b1-a144-4651-ab21-840df72def88,0
33727,0
52662,0
8d0c8c3f-900d-417b-882a-5ceb3b7248dd,0
43121,1
18741bea-002f-4c40-bbef-725096335365,0
10466,1
7e3908b6-d530-4c17-a8aa-e60002903b80,1
42794,0
29546,1
66084,1
16220,1
73702,1
8352a504-20ac-4110-92b5-06f475b36814,1
2405,1
73386,1
64293,1
63215,1
66975,1
f1d66751-555f-4349-a46c-8e06e167eaf9,0
34365,1
56926,1
41c5740f-f26f-4e41-a965-51f4ba9221e8,1
24003,1
67200378-69da-4b9b-b3ee-b3d2443180d6,1
71119,0
6904,1
7a0d045d-3e3c-47ea-96e4-551b969fb412,1
68070,1
10431,1
44541,0
50162,1
72796,1
47423,0
37918,0
738,1
28485,1
00498558-d396-4647-a9ca-7fe0bb200d0b,1
57104,1
32646,1
64926,1
141b5159-60ca-4bce-82cb-04e19f261fb3,1
69670,0
52538,1
55074,1
dd95c6dc-6009-4e0b-9408-e31d452b5c2b,0
43621,0
51261,1
84f0322b-3b09-4910-a36e-2a5f9e90a4dc,1
e1b7a180-0c2e-4f59-84e2-04a239896a01,1
18682,0
fefb7af5-32a4-4490-a85a-9a0ed790460e,0
21565,1
31425,0
af805a9f-422d-4c0e-ab53-183a73d89ab1,1
66767,1
31099,1
11902,0
61812,1
71721,1
eaeca5a1-669c-4c9b-8541-bacce61b8224,1
57608,1
63020,1
21459,1
46010,1
30b23803-559c-4aa5-ad79-2e7c26cb89b4,1
46756,1
3b0667ee-ae93-467b-b316-0af79035fa6f,1
11356,1
7323,1
17610,1
ba1a0fb0-9d2b-4b99-b636-512762726b07,1
c2c39055-8b69-48cc-b1e4-bec265891984,1
13476,1
37546,0
29e11064-5e5b-40d5-b78f-aaa130ccbfb0,1
081da2d0-ada1-4ae1-b590-dc3c35450e99,0
1279,1
67305,1
15039,1
aa7f4d9e-4a37-4155-9096-3935167110ce,1
72464,1
45968,1
51904,1
15607,1
14466,1
b6599d3a-a021-4b75-8ca3-e83f9ffbcae2,0
56899,1
15315,1
7b12928a-4c2c-4f0a-8517-954b3a5a9aa5,0
11815,1
57995,0
67995,1
0ef51bbe-6f3d-4772-ad9a-a3a01c486b78,1
bfe7f15e-cb6a-473c-9d9e-8ee04e691232,1
51617,1
37efed40-cce9-4c02-a8c5-ea364827f78e,1
16378,1
5610,1
26761,1
12726,1
11871,1
1907d526-d488-4637-9efc-025e59350dc8,1
27335036-8944-4d35-8f42-a0c3ccb33632,1
13891,1
19092f87-c0c5-436f-884e-2ac72ef37b27,1
4a8887a7-a775-4737-b71a-0aa527f43140,1
15426,1
53274,1
58633,1
62214,1
9617ac1a-0cf1-43f3-ac2c-6a27ef5f84e3,1
58696,1
69385,1
38517,1
6136,1
66057,0
14308,1
6d43524f-bf85-478d-950c-adbcbc0b62da,0
17456,1
17462,0
5374c71a-1388-45fb-b51d-db92b5ea675e,1
5129d629-7de0-4a2b-87af-c434133f2616,1
10117,0
5945,1
35843,1
35856,1
3018,1
15090,1
54536,1
34040,1
35772,1
74bd5b49-ad03-4020-944a-63d493995811,1
36068,1
18838af6-b340-493e-8423-24e4b7e85a87,1
b2a2b952-5d51-4c05-95f8-0f4a0b6b3b6b,0
71176,0
49230,1
10247,1
67355,1
62341,0
66701,1
22aa083b-4912-402a-bff7-c4c5887500d7,1
552,1
3ebc53b0-7bc6-4036-9b08-2e3059a9e4ce,1
40915,1
19484,1
3e2eaa2e-e302-4803-afdc-79b4910a9c59,1
e3b52658-2f61-4f68-833c-76c03cdf1b06,1
57110,1
02e88361-a57c-4fb2-a842-01bde31c6ff4,1
ec903211-bb1f-4b9e-80d3-24d05bb8f2d3,0
46744817-c45d-4aaf-841d-d33e14e18154,1
33953,1
5f59e097-1665-4794-a407-6ef152cd690e,1
20914,1
45164,1
51235,1
dadc7f44-5e23-4301-8245-985634ddc8f1,1
39857,1
62635,1
15718,1
8217,1
58266,1
40925,1
3283,1
8b0da9ff-6563-49ea-97a8-f8a8c70dbe8f,1
61783,1
a61bd516-97f1-4560-9f3d-3627bb9831a1,1
22727,1
65527,1
47159,1
69507,1
45767,1
4a5bd507-4132-4dfc-8b3a-e8c0bbf761bf,1
f545a18d-c37d-420d-b416-36239ed996bb,0
3c421b0d-3ded-4b4c-b6b8-811304d26201,1
58215,1
34547,1
52479,1
12984,1
6226,1
46174,1
454,1
25839,1
cbfe1aa1-dfdc-43d1-bd82-22f6dffd23f2,1
59639,1
25443,1
52287,1
36375,1
67,0
8d175574-417a-463b-9da8-eeb635671c4b,1
692802b3-e20d-4df2-b6f4-92245b0f175f,1
44889,1
b6b5d542-0fd8-4c19-b22c-c2a23a24925c,0
59061,1
16369,1
e9958b23-e784-410d-971d-7f0db19859c2,1
25536,1
40298,0
28504,1
53950,1
15231,1
57886,1
5810,1
56629,1
c81d3035-7302-49fd-a995-f60b1c9104a7,1
57535,1
eb408578-353e-44d0-9a91-f1aaa11bd132,1
48594,1
9420,1
8416,0
46151,1
74035,1
20005,1
12064,1
58348,1
40172,1
49384,1
74054,1
5fa8aeab-3555-42d3-9243-707e76d8d4e8,1
20101,1
23964,1
582,1
24690,1
66757,0
38286,1
54338,1
39755,1
22407,1
43496,0
32186,0
44292,1
61573,1
19,1
1e484abb-aaae-441f-9461-9f954bfd4cfc,1
eeac12b3-1329-4dc3-b6cd-9198fa078a77,0
56188,1
7332,1
55284,1
28141,1
61438c25-ceb3-4d4f-ad0b-4092584417f1,1
35513,1
f6665c70-21ed-4d98-8a86-8e666a7d1e91,1
47450,1
af8b89ee-7165-443d-a23b-9078f0ea122e,1
e7709648-b464-4ace-8e4e-96c9feb6f225,1
73555,1
47087,1
9978,1
69369,1
9f4fdca7-8ef7-4c63-8b09-e36efbff159f,1
33934,1
22808,1
8186384c-9299-409c-986f-2597913edb52,1
26190,1
14033,1
67116,1
93fb9d20-3e02-4e1d-8c6e-390725a8d8a5,0
d64c1f46-e1a1-4872-80ad-ec59350979c4,0
14878,1
71986,1
36554,1
43919,1
24252,1
45222,0
60bc278e-f924-45a1-8edc-a8142294020d,1
16424,1
3a5df8b9-649a-4ef9-80c5-0689e96dc447,1
ef6521c9-0334-43ca-85ae-239a9f0996ce,1
60714,1
44076,1
2707,1
2276,1
27877,1
31380,0
79a73502-250a-46b4-9b60-28721e751758,0
cd88cebe-1e47-48a5-b246-b720e3500258,1
19259,1
28431,1
11485,1
70277,0
25214,0
34933,0
21099,1
a772098f-87ee-4088-a51c-3670351102c1,1
59918,1
31097,0
4855,0
57190,1
ade3ab53-a90e-4b3b-99e7-456857168ead,0
69338,1
8740,1
55496,1
55105,1
82199776-96a5-481e-ba5e-b1f18e2de525,1
38213,1
4f056501-b556-4aa4-aaf0-5a0874815fa7,1
63062,1
52274,1
44448,0
29037,1
60900,1
da917327-5c06-4977-b644-379450eb8f85,0
b3746237-0f7c-45c8-94ba-8182ba70d797,1
6441,1
19110,0
17080,1
46511,1
38578,1
d78243ac-d1c5-421d-86e5-b9212232ffa7,1
10136,0
bc3e4d48-e201-4e65-9897-67bab29d3a1a,1
c6fa19b0-bb31-4b84-b5fd-a5a625021a5f,1
67265,0
29247,1
72b158bb-0723-4361-a649-c0d803dcd32f,0
2606,1
28582,1
64540,1
030112d2-2a65-4a11-845f-22205c2ee183,0
ce637a52-6267-4d95-b39a-b1ee3c9c1e5d,1
10d371be-3804-46d0-a8ee-a8b10d93a16a,1
3558ff8b-ef1f-4328-a6f8-4c6f67668f99,1
22d25d97-664a-49ea-8589-4f5fa99aac9f,1
2731995e-3587-4f17-8129-87110ac49278,0
9246,1
44339,0
34102,1
1be26a27-3d75-40a3-9033-0a34312eb6b4,0
3740,1
35404,0
19868,1
da03464d-9af7-4e1d-ab19-56df3aeb53ea,0
31092,1
73623,1
46063,1
17544,1
66e3d9e1-add6-4842-9ed8-967cd4fc6681,1
60601,1
10875,1
38977,1
63997,1
469a35dd-1424-4fba-acc0-d3d9600b59b0,0
10859,1
68283,1
80237e99-dc43-4391-9647-a87f867cc6fe,1
44215,1
25877,1
23014d18-bade-4d71-b4c3-1d0b688a080d,1
19400,0
63141,1
17510,1
67761,1
22597,1
12897,1
15751,1
67582,1
59071,1
14352,1
8d2baf6c-b023-4e4a-a989-66e250d473c4,1
37737,1
16637,1
3284998a-77da-44ef-873b-ddce761b4f1d,1
53594,1
54229,1
29717,1
45527,1
29226,1
33385,0
ba40e706-6255-4fc8-abaf-f526cb391e2a,1
26912,1
1896,0
30543,1
35011,1
5808,1
50624,1
a0f2a3da-cd69-4574-994e-b524ab681740,0
73758,1
40861,1
11601,1
aeb65263-0b01-46ad-ad35-5f4ff3511153,0
13092,1
75e29bd2-caf4-42ca-b7c6-9c31ffecddcb,1
35472,1
40047,0
b251675f-7dcc-4874-94ce-15acd2f2c36d,1
69936,0
63206,1
655533f0-10dd-4913-983a-c812e7394b7b,1
61653,1
40839,1
b1cfc3d5-a3d1-480e-8376-7d878cff3a25,0
52176,1
eaeaee5b-fa1c-461d-b543-e622aadaa68f,1
37800,1
57318,1
50534,1
30668,1
22148,1
a5465df1-72b9-488f-b6a1-8a9e9ad49d83,1
54283,1
43846,1
32660,1
d2616d05-910d-4696-8744-fb3dd96dac9f,1
08873327-7f2f-4535-9da4-8fc300206a2f,1
30346,1
56673,1
64335,1
46630,0
6bd986dd-3fe4-4871-b67a-57f1d920d9e1,1
9509,1
8be6d81e-7124-43c2-9c12-423dc7c834c4,0
65360,1
b234b0a3-c0b6-40e1-bf6c-f190a81213b2,1
82d794aa-c455-4116-ba54-e8d2214437df,1
12474,1
39832,1
73244,0
307,1
1d0b3300-0761-4e17-99c8-36e4e466d2f9,1
47125,1
7eb13a54-832b-464f-961f-27a4224299b2,0
16446,1
07d51e2f-b61d-42ae-8eeb-cec46b8a3725,0
33449,1
31288,1
12892,1
64334,1
4328,1
10383,1
379da47f-ab4f-4282-b9ed-d1a61f8a5031,0
50994,1
10147,1
45205,1
8e5310af-20fe-4e70-9c69-8d84997b45a6,1
13102,1
35236,1
8fb2756c-8213-456b-8d10-7972735368cc,1
33834,1
298e64de-bade-45ad-afd9-f1691ee83156,1
61386,1
0fcad9a6-e62e-4f07-ba06-2af737f3b9a4,0
9228,1
72396,1
15268,1
46723,1
42277,1
2bc49ec1-89a5-4f78-9d92-3df3b92ecd99,1
24397,1
58655,1
aff4666a-38f3-474c-8800-5fa976743294,0
17552,1
67054,1
ae510e06-a6b3-45b4-8887-33f25de9acf4,0
31892,1
57013,1
60911,1
5f37d4c4-dc0a-472b-bdce-bbdd7c99b050,1
febb0264-45f2-4c3a-95cc-3eaad8edd6c9,1
61570,1
10008,1
3834,1
13648,1
49732,1
59320,1
25942,1
12407,0
5565,1
11065,1
54777,1
40936,1
54061,1
19681,1
46862,1
806ab4a1-9bfe-4922-9806-51addbdde995,1
f6318314-e18c-4090-9936-d0d5c1e09b2b,0
26009,0
18183,1
0af9bc02-2d0d-4ddb-9794-59f122ccc5f7,0
16375,1
23282,0
fede95ae-de63-4353-acbf-281ae2f0b1d9,1
54642,1
3309,0
44489,1
72404,1
4a877736-ad42-4f52-a6e6-d0792af0f490,1
59820,1
8fb361d1-eb4b-4cb3-b244-b8642c678177,1
28622,1
9437,0
6e2114af-5137-4a62-8eaf-7f7c552443f2,1
49062,1
17671,1
26126,1
844f05c9-8116-4857-8243-2783d5ded221,0
54876,1
35575,1
50715,1
09325657-af74-4da2-b725-2bf63ce1faf4,1
69708,1
62532,1
13813,1
04545469-72c1-461e-9584-ddd5fb67067c,0
27676,1
15312,1
62657,1
61120,0
4829,0
54650,1
47782,1
4022,0
49503,1
71258acf-e147-4b76-8071-d2bd0b2b1fc7,0
2103,1
92813bce-4f77-432a-b9e7-87465fef8ba8,1
23883,0
7c67ac47-1889-4782-b3f3-ce2de86845c9,1
66665,0
2ee4a54e-aaa0-41fc-bb7f-f4df2baeb2ec,0
70667,0
3479,1
37582,1
20542,1
9f2aa79b-0af5-4905-9e64-6d5ab0b29be1,0
72785,1
40234,1
69e3c4c0-7582-47ed-badf-9b904c398b48,1
1d6194ee-89ac-4d21-a69b-0327a88f8532,0
16402,1
43756,1
750,1
60460,1
50444,1
12e03324-0085-482c-a8d2-cbb7c416640e,0
412ebb26-6a43-4e1a-a68e-8cfac6c823b4,1
50233,1
3881,1
18648,1
69267,0
6208,1
40494,1
2e8309f7-0557-4a66-a8f9-6ebfb85a6068,1
34529,1
61f87770-eabe-4eef-8c37-68ebb0e4e3fd,1
3656dae3-6cf6-44e0-bb51-584962762ad6,1
6729,1
ddd99438-e146-4fd8-b914-f3b1493313c6,1
48235,1
fba8b0d2-c9be-4b12-869a-7831562a01c8,0
16887,1
19464,1
55108,1
59259,1
cd8022ca-5e64-4feb-8d7b-64aa7e2273a3,1
5c833114-1afd-4b1a-92ab-e05f45408773,0
55167,1
50325,1
41396,1
e3ab0c34-cb68-4b2d-9d98-97be60b97628,1
10391,1
66098,0
4710,1
a626bbf7-9ee7-4faf-bab8-5ada01c7e5ea,0
5f67fe62-acc7-4815-bac6-465aa9dc03e0,0
24126,1
55824,0
baaea7a5-256d-4af4-9f45-ecb8189bf75b,1
41109,1
48184,1
9440,1
29278bc0-bf0d-49dd-9b72-ace9187541e2,0
33233,1
37756,1
63908,0
73971,1
b6a8d0ea-ba81-4fba-8f8e-b4ad038afeb8,1
20915,1
70575,1
57462,1
33072,0
20697,1
8999,1
31194,1
9e0da54c-b41a-47a4-8080-627cf652e8f3,0
50960,1
60133,1
4265,1
49053,1
ff86716e-c011-419f-a1f6-3dcfbeaec700,0
694cf4dc-1f38-4773-a9b7-3a7c94dbc403,1
98a82ed6-756d-47e9-97cf-98319f759c01,0
71385,1
d5d5d0d4-2d7e-4dcc-bae9-0204ba7d6158,1
27269,1
33489,0
1d39d204-ebf5-4c01-a29e-463796609346,1
58703,0
27738,0
c64e5812-d325-4719-b94b-653c0545b7c8,1
39902,1
11607,0
41625,0
72932,1
38656,1
14735,1
47201,0
25664,1
64362,1
60842,1
8f576743-0937-476d-a6f1-02582e3a9170,1
8307a4a9-8c46-4385-8a7d-bfc90ab7507e,1
26223,1
1652,0
a500042b-524a-406c-8a72-74f42edebe5f,1
41660,0
19768,1
48696,1
23359,1
30624,0
1980f5f9-601f-4c5b-bd76-6d29808ceae4,1
5960,1
56983,1
4dacb7e7-5bcc-4057-b98b-97a4ee6a346f,0
30134,1
88d51455-8755-4af4-9d26-5965ac470bee,1
5062,1
57229,1
66100,1
8376,1
25519,1
20834,1
52941,1
5522,1
48281,1
41920,1
47131,1
37503,0
32150,1
6877,1
16510,1
54277,1
15213,1
40847,1
62814,1
eb9af28f-daf4-4dd4-8b8f-df4a120747fe,0
26286,1
12790,1
32824e7b-4aa7-4718-8cc0-2612d3aa5a36,1
56a3988f-f0b7-4180-9079-dc5dd33e33e3,1
19656,1
4b32afce-79b1-4ad4-9a1f-7956acdacd28,1
61484,1
a6493c28-f4fa-46f2-bc98-29972d63e3df,1
abc392d8-9f6a-4b75-8b45-9a3e5bc4bc81,1
45239,1
34045,1
69963,1
59348,1
10952,1
45973,1
7916efdf-7e6b-4fa0-bbe2-57caa077e870,1
30319,1
20821,1
25262,1
ba7b3cd5-b31a-4093-8427-d4c6c27c0d43,1
16035,1
25507,1
73654,1
56617,1
74365,1
27316,1
1101,1
37587,1
39028,1
45478,1
24699,1
24491,1
10945,1
c14f0187-4b50-4392-bc42-a6fc18fcbe7e,1
56753,1
9654,1
26471,1
57633,1
8e004275-06e8-493b-b1e8-b52d03d441c9,0
634a2520-15ec-4012-8dca-8e2995e63630,0
7fd090ab-5bff-43f3-ad89-e221808b569c,0
53988,1
fa645d78-dfe3-4fe4-bdd1-ea6ff7073c8c,1
c8fdf7f9-d02e-47c1-ab20-a2e1df68a6aa,1
461f9d29-979f-49f8-b845-4cfc27ac0150,1
08f6761a-28d8-475a-b4fa-ec3a68fa1777,1
925ac6d9-8eff-49bf-b906-22eb1f348285,0
1368,1
7053,1
b12419fb-f891-429c-a14b-ef846dc229d2,1
62923,1
9412,1
43567,1
1143,1
40956,1
9693,1
34357,1
55587,1
566dbee9-0740-47fa-8ed8-d881e627b6c7,0
8968,1
4604,0
23131,1
64638,1
40097,1
4331,1
93d4919b-bf3b-4e09-a04d-5b0efa104afa,1
42258,1
29740,1
7848cf37-a3d7-48f5-bec1-91d5e1ff4ea9,0
df60a9ea-992d-404f-9cc7-606e2b2aabb6,1
14244,1
67984,1
b658857d-d957-450b-b5d3-09afd8b513c6,1
47139,1
87fe303a-bb37-44d9-b8ba-db1baea3fb4f,1
1798,1
15694,0
48944,0
65216,1
4842,1
11922,1
49715,1
2601,1
28801,1
30acd547-627e-4a5d-b2b6-233f7950ed01,1
9306,1
38039,1
14860,1
51762,0
27559,1
2540,1
31489,1
72475,1
84a51c7c-679c-458f-956a-5b99a84e77e5,1
70784,1
7408,1
27059,1
57370,1
86e16ee5-5082-445a-a9af-3eed4b2b2805,1
53562b53-b330-4953-a000-6e8da37042b7,0
56167d42-406a-45ad-9bf6-2808d20a5318,0
18290,1
15149,1
ea6cb331-130a-4d48-9cc6-65219fa0d630,1
31559,1
49536,1
72942,1
55387,1
49322,0
41469,1
40968,1
ca40fe4a-f242-46e1-a03b-35ece4b608fa,1
07817371-fceb-49c6-99b7-08fd3a05791a,0
45846,1
44805,1
18299,1
7907,1
50263,1
46995,1
23008,1
cdbad9d7-e100-4201-9d51-06b1b57daa6d,0
35ee81fe-3c6d-468b-bb8f-4d7af0df9899,1
8e0daf45-5c8c-4117-b94e-9d3b48687cbe,1
48679,1
71832,1
69710,1
32553,1
1355,0
12f69a95-7c3a-4fb6-ab91-f43b2a899fdb,0
10964,1
7365,0
2566,0
66192,1
3047e325-e7ee-4e08-afb8-2e57def87b79,1
4579,1
61635,1
4940,1
16210,0
14836,1
78c95a92-4a91-4cbc-9dbe-bd75245cd50a,0
22567,1
dc896ad1-cdf9-43a3-9bbb-b37190d33fd7,0
70080,1
49955,1
54264,1
34befdbb-80a1-4cab-9582-9e4712cd642b,1
27989,1
72737,1
56224,1
32144,1
24412,1
67308,1
61391,1
40628,1
38307,1
64016,1
ae37e302-1eb6-48c5-9aa7-a3c0b6cfc5d3,1
4a2cb573-a199-4743-8a93-925dcf26fbb0,1
61115,1
60115,1
2d08c033-d5e5-491a-a5a1-a6b585e20ef6,0
18706,1
52188,1
45381,1
36060,1
51287,0
f56b7188-5e9c-4ff0-8a73-b91928b3ac77,0
72495,1
d9c78f30-a53e-446e-9db9-430c41afaf9f,0
28649,1
33704,1
240ff444-5b55-472c-9516-4cb9f6511864,1
45578,1
69060,1
68181,1
4e0ccf8b-6475-4ecd-a5de-91a23554f0a9,1
24598,1
52125,1
74242,1
67160,0
27444,1
26292,0
f23ba5bb-5349-4b38-9dc8-056838f4e6dc,0
d323c823-a30c-4242-9dfb-4730f8f06a45,0
c0e93874-a742-47b1-b385-4d2a8dfc988b,1
0ad172ca-5254-4465-9f1a-b4ed699ab34c,1
39405,1
64092,0
33081,1
658,1
26633,1
34518,1
10803,1
14215,1
cc6357cc-709f-4148-a22b-aa9aa6573396,1
71515,1
62524,1
25444,1
33376,1
30e4a752-3b4a-46ef-9d90-5482b67623a7,1
10507,1
20989,1
59030,1
77949c24-41e5-4d05-b2e6-d164ad3b7fe0,1
59444,1
28775,1
e7d6ce9e-9e44-400b-b58b-3970195f7b34,1
96346eb8-233e-4881-ab47-1bd302dbd4a1,1
09fce4a4-a949-4914-8fd5-b9efc2ffa42b,1
57489,1
40369,1
52799,1
49543,1
45917,1
24336,1
60377,1
5528,1
37346,1
47786,1
c5698f82-b042-4901-82b5-98a1276b6c3b,0
08b7fba8-ea4d-4528-b3a9-1f9e9163097f,0
36146,0
47689,1
36c8e5fb-ad21-4135-997c-4c911eb11808,1
848cb519-b5b0-4a81-abe6-c334b5ce1beb,0
de614bfd-2b75-4100-97e1-93f209544da2,1
646228f9-88ae-4830-b716-bada2da437b6,1
7097,1
7168b543-05f5-4040-bb2e-823215687dd0,1
32137,1
34757,1
21616,1
50bc1311-1116-462c-b4a8-2d321222d04a,1
31746,1
3ca08ac6-16ef-4f1b-bdd9-145b4d1ba80b,1
b43d2d43-18e2-4566-8349-c36f4ae81fdb,1
53101,1
4106,1
575fefa1-ac09-4923-afaf-ceb5acdda33e,1
55580,1
30300,1
74090,1
63615,1
7496,1
0f778427-a826-48b8-ad0f-aeff32d36367,1
18323,1
c6accc7c-ea0d-48e3-bf9c-b021f99b7d47,1
71501,1
47520,1
16228,1
71332,0
722,1
51473,1
34713,1
11599,1
8707,1
d6881a1a-9e8a-4dd3-b232-fa4400571c88,1
632d15ad-5330-4882-9fa5-4bd4d9837495,1
c736d798-fe06-4fd4-a7c0-06c8d7801fc0,0
47557,0
25162,1
59174,1
45037e43-884f-4bd1-9d42-ec15d12e6fad,0
54255,0
d9a05012-e2b5-4b35-8ec0-8457f9d82f0c,0
ea1aecf8-8436-4050-a0f9-edc55da62f4a,1
57170,1
38182,1
32884,1
45324,1
27984,1
4bb87c0e-80d8-4ff2-a2ca-cca97171a2d4,0
24913,1
c01753df-7649-4639-b222-cb53e37f9bb2,1
f7d4de26-132f-4757-b5f5-aacd6593bd0f,0
a64c3528-ceb5-4aad-8420-0459da8f9d5c,1
38232,0
551c1e13-27ad-4495-829c-a26c61f59b3f,1
26948,0
9c8ccd61-1eb0-48ea-9e8d-bcf486a0b098,0
62019,1
41339,1
11562,1
9c6fc798-aee6-4aa0-8895-9975961ffd7a,1
7595,1
22884,1
5877,0
b0b8de29-d293-480e-ae53-372edf5b8209,1
62375,1
53186,1
84f63030-b260-4c79-ba25-f2f0c59c98b3,1
1027,1
70463,1
74063,1
21984,0
13565,1
97cd53a2-2e32-4524-be6a-16d8f118e685,1
50750,1
74463,1
70501,1
67383,1
5878,1
73883,1
30173,1
14674,1
10646,1
68176,1
50519,1
f18bf262-8c77-4922-ba17-753a762f165b,0
21373,1
33857,1
64862,1
25473,1
8ffbb843-b236-437a-a998-39c62c1cb1fd,0
73058,1
54164,1
13894,1
4e426378-afc0-412f-8c2b-6fad669b720d,1
15837,1
52259,0
4625,1
22402,1
118,1
104c2651-81c2-49a9-9159-27ce767e9290,1
66916,0
42609,1
865e735e-6118-48e9-92a2-0cb6a216880a,0
f9f1b081-e4bc-421b-9abb-22b4b223271f,1
15758,1
30037,1
57029,0
73533,1
13968,1
11736,1
25154,1
69985,1
25937,1
44467,1
37178,1
74025,1
1746,1
22328,1
da768108-2cc2-4f67-8820-c83a3472b38e,1
64758,1
23768,1
4a38ced7-b574-4fd6-a450-156d65f83e72,1
12827,1
7979,1
61287,1
15130,0
17787,1
21481,1
31391,1
e217e77c-5a72-47b1-a37d-49d30e25611d,0
13547,1
c64e3f26-7c42-42bc-809e-3a8b172c5aaa,1
038ba3ba-7549-415c-bb6a-3ad2b079203c,0
4fcf150e-f0e3-4399-81b6-e5338bc07801,1
40119,1
44116,1
69565,1
14043,1
73314,1
7070,1
26647,1
38731,1
32583,1
24032,1
fb04d3ae-ecbd-44c2-bd6f-b52f02b4fdd9,1
72409,1
50946,1
35689,1
41504,1
60151,1
22089,1
c150afe9-b903-43c9-8f18-95e7c9c2aec0,1
27dd0169-0a20-4720-acae-9781403eb113,1
14953,1
57194,0
8702,1
66454,1
45416,1
25431,1
dd014d80-2904-4207-9da0-204052d3bf50,1
44984,1
4f710de2-ff1a-417d-8656-088af4fd47fa,0
395f7e19-dee3-4186-b29f-8f1176e234bd,1
42852,1
17333,1
67237,1
1b1cd2bb-efd9-460a-8711-658f975bff02,0
e92e7da8-dc3a-4181-b9aa-6b6515cbc0d3,1
14345,1
9074,1
6995,1
58640,1
5728,1
1b005209-c6e8-46bd-9491-8422e3c80101,0
23831,0
46002,1
57930,1
50267,1
0173b692-0a9a-47d3-b0b6-436a555fb1a9,0
d7948381-9717-40e9-8da7-6b6b2c1c4668,0
44651,1
59509,1
19450,1
42970,0
b20067a3-2b20-463b-b862-0e2b895317b0,1
4094,1
22121,1
74143,1
11900,0
33266,1
16508,0
46039,0
39136,1
7e0f048e-0ec1-4ff8-a217-f8ac27882c07,1
61267,1
24254,1
36565,1
1a9a6e06-8bd0-4ab0-921f-e672549d4bab,0
63943,1
17117,1
39324,1
10642,1
21367,1
19438,1
17569,1
74354,1
36943,1
13384,1
33e8fd19-cbef-4ec5-8b71-fd4fde4548ba,1
cd3f524b-68eb-49e9-8b1d-9f38f8f1c7d4,1
af3b4e24-39b1-452f-975b-22e813dcbb5f,1
2827,1
26757,1
6bfe388f-c3f5-48ab-9a4d-ff899fa23172,0
29407,1
64263,1
71193,1
31440,1
20721,1
52080,1
ff0e0e58-8a7e-410c-aafd-98dce671e7d2,1
b2df4e0a-64f6-4d04-99aa-6fef54cfc730,1
22185,1
45542,1
55246952-d52d-4189-a0dd-231808ee6083,0
59825,0
292ba4de-c498-4da9-9471-e8bd88ab4771,0
15ec234f-5ca0-4f94-afbd-c57cdbf34834,0
19539,1
18012,1
23422,1
8a85b63b-22fa-4d41-be2a-4560aa12765b,1
53512,0
01689eb6-22f8-4b84-b5f2-ff7a626b58a3,1
59017,1
396b560d-a131-475a-aa8b-8c4713aebe77,1
8267,1
29162,1
53828,1
16a175f0-721a-4ad1-9343-b1b852653615,0
21601,1
b68e834d-d2dc-40f2-9a00-8be2c4567515,1
7fa8905c-c859-48c1-838c-fcf6539140c8,0
29157,1
60222,1
30901,1
59de1e25-cd59-4c0d-9456-e9bc73de8356,0
47f2569e-35fa-4f50-8b75-fff7c7eccb0e,1
8f000311-4268-4b7c-b49f-59defb053750,0
4257,0
60990,1
51198,1
63940,1
49675,1
345a059f-ca10-489b-aaeb-29c88259a786,1
26324,1
34246,1
55862,1
14298,1
69589,0
51309,1
66394,1
44f8512b-81df-4d3a-add9-6ae3c8c065b3,0
f522ebde-7f28-4e10-ab30-f0432fda7257,0
45526,1
57162,1
13291,1
14f74b51-4929-44b6-8f75-b6f2e911093a,1
9812f738-1322-4b65-a912-a72ccb18d210,0
19246,1
13058,0
2607,0
42024,1
feacdc35-ca25-4d4d-b2f8-750a5e61e2f9,1
30199,1
21223,1
62517,1
70488,1
22608,1
48674,1
54311,1
46692,1
53779,1
56627,1
32895,1
37259,0
634e3c7d-69b7-4369-bf80-fe5cc813144d,0
0d4a843a-9426-4e66-9097-3dbed905da9f,0
33360,1
9f04c8f4-9141-4201-81eb-a3b802633f34,1
66599,1
520513d3-6802-4d40-8a3e-73694dc3493b,1
68407,1
1108,1
8019b1d7-04f2-439e-bba3-6302a6b7f127,1
71421,1
65451,1
63375,0
3c6ce0ff-1a4e-48c2-b98b-4178ed255af0,1
c8ddbeda-9c22-4ee2-bea5-ceef9ee598dc,1
bdd67329-ff50-4213-baca-784117dc591a,0
92679708-2e67-44cb-b8de-0544c282d67c,1
17222,1
6820a79b-3495-4e90-b6da-22869893f763,1
70051,0
bcd27075-d728-4631-8153-b7e50d4ca16f,1
20d722e0-e0c1-40de-99ec-57b3ddd09557,1
62725,1
48427,0
da07a105-3e22-4369-a4c3-c430e7c6d164,0
31606,1
6e44ac31-9be2-420c-8284-26ee497bd50f,1
27056,1
31857,1
45975,1
30744,1
32814,0
27206,1
10221560-79ed-4554-aef4-ba02b902406a,0
20460,1
e6657def-cafe-4572-b56d-2428b1e7be5d,0
7cd39caa-3d97-4180-81a6-e4429496f060,0
4333,0
7360,1
d1dd30cd-dd1c-492e-b904-efb1d0f00075,1
87,1
71049,1
14250,1
8359,1
66039,1
73392,0
2847,1
69101,1
28304,1
23c2e997-6fa5-4a43-a1fb-06c112481a66,0
34841,1
258d29db-f86b-4107-9e50-f8cd002e28c3,1
70675,1
25017,1
12006198-7d13-425b-918b-b50f02991e53,1
40427,1
30276,1
50533,1
12873,1
9405,1
cbbfa1b7-29eb-4ecb-b068-57e91c1c4d9c,0
33322,1
29554,1
64481,1
47507,1
11333,0
7f0c62cd-ee8c-4027-b01a-303095dbb707,0
67695,1
47616,1
72258,1
8166d1a7-884a-4737-9dfa-54ade95903ea,1
70736,1
39768,1
585,1
e9a6fd1c-57ce-4fd7-b988-a8c66650d6b6,1
13884,1
47202,1
b75c4b4c-182a-4ea7-8c84-b9c25a5b50ef,0
44120,1
40879,1
17377,1
e93312b2-da12-48e2-b9ec-d93454ef34d2,0
1e5c2456-3f45-4b9b-9d48-139d05584354,1
46812,1
fff371a9-bab2-4fb9-a25c-20a1e849c3e6,1
28547,1
98de0a79-db33-43e2-9386-f35c6b3e8320,1
60297,0
0d658a93-f559-4974-9f80-62852307215d,1
65638,1
433,0
25026,1
d3a775b6-5c7a-44ea-b655-aff2a679c1ea,1
40977,1
14990,1
59137,1
17729,1
3629695a-830e-4dc5-9b6f-db8185dd57b9,1
fbe64607-8251-4456-bb73-582f3e44e9ce,1
11293,1
4609,1
803284b6-de71-4edf-b935-344b64081a9e,0
918eed1f-74c7-4f95-885e-267d3f5eb424,1
5306,1
ee06a628-fbaa-4f82-8921-7da70b6ee6d6,1
f633e27c-ddbb-4932-a384-4baf4fae7402,0
24583,1
b8ea5c63-ea46-4857-9dd8-afbbd616bbcc,0
9b001723-4e31-4b72-8854-02af6cf234ec,1
d0d87fd3-1f54-48ce-b6fe-ab6bb7b50071,0
98a1d953-aa70-4eac-9ce1-a4632e90d630,1
60881,1
62672,0
52095,1
55573,1
48966,1
38059,1
55707,1
29296,1
7964,1
27049,0
a0a09206-b197-4b07-b958-a940e379b2c5,0
2a57d7d4-cde7-440e-80c8-a5803a56b45b,1
55219,1
21478,0
79b3c732-12d1-4f84-9201-2907b7b18022,1
7174,1
a9da08ff-67e5-474b-bd41-dbaed58bf1b4,1
24403,1
26963,1
74d02aae-3a87-42bd-a149-975173751efa,0
b81903c9-61c3-4d0b-9285-638554f05bcb,1
0cb51197-a6e2-4445-86e1-1ac1bcdd787d,0
4f691fe9-c99f-4d32-b193-2bb124218623,1
2af62d0e-1e55-49ea-bbb6-8b7b44f735ae,1
15175,1
9bd448ad-f2d3-4167-856b-84acba0834e5,0
10373,1
28069,1
21948,1
c1d4a117-abe3-487c-a2ad-c2350d7d1dcd,0
fa617331-1f68-4267-8129-a93828d7b684,0
39773,1
23646,1
56684,1
59083,1
17740,1
32529,1
17748,1
36830,1
19043,1
1257,0
54162,1
11393,1
40151,1
57772,1
52999,1
24058,1
687c3a16-07fa-40c7-abe2-be1b3d6d89e6,1
6cddfaf9-3464-4210-821c-ac59568f02df,1
db790c98-038a-4a3f-8022-964ba126fa98,1
30456,1
15917,1
32288,1
54403,1
2a271a09-e904-4c35-b252-1047324e51b7,0
b0516ffa-2fa9-4e4c-916c-9ba71f104da2,1
1b3fe624-8dfb-4af1-89f8-3781a1e4e986,1
b940003c-f3c6-4846-80cf-4180a26f58bc,1
b7f0b6c2-7fc3-479a-bae8-6ec99a7170d2,0
edf0875f-3622-461c-b9ed-9ffaaf8cec2e,1
31721,1
26546,0
68351,1
5ac5bbc3-af0b-48f4-a2ea-be46f029491e,0
36825,0
62850,1
35794,1
37506,1
10830,1
11200,1
1260,1
65674,1
da71db1e-2e71-4a27-8254-99582019d323,0
6543876b-b1f4-4e34-a7f4-b8316b54394f,1
0b909d67-7d6f-4125-90a3-b85710ebdd65,1
3435,1
aa6675ab-9b65-437b-8cbf-ed4ce5958287,0
44866,1
67382,1
69f3dc48-dbd5-4e94-9134-6963e393b9cc,1
69d6406f-f071-47dc-b2b0-7741cd41eac2,0
2bf05bdc-2644-4fd2-995d-cfd5efca602c,1
27fea9c9-fbd9-4002-93e6-777c5beaa330,1
50913,1
0330cc2f-41d0-49d3-bcb3-a46697fdabde,0
c1e75424-28ac-4a29-b028-dae7308bcf95,0
e5fc3f5b-e5f6-440b-9803-0250d5ff0510,1
e4a52774-47c5-4e6d-a57a-d2ce89a2c945,1
84174748-7935-4206-92ed-970fb05f3e39,1
37708,0
27c94c4c-f7a0-4a13-9fc3-e0e832fc10df,1
2070,1
e659b0bc-67a1-4efd-b4d1-c032de61dbb6,1
53290,1
38864,1
65706,1
46559,1
51999,1
533f2c9d-2f64-4437-8f8d-975881560489,0
62215,1
67339,1
20407,1
25662,1
20228,1
7249,1
63286,1
62992,1
30045,1
30150,1
18904,1
20965,1
5f323bb3-6ceb-41c2-a71e-d1c60239c143,1
73888,1
4b0c0416-739f-4b09-b0f1-58a7a8073bb5,0
42472,1
46638,1
67597,1
1749,1
ec6850e2-d04e-47c6-9b79-c93f94e89189,1
44554,1
52142,0
31861,1
46604,0
65547,0
34884,0
5d39aee0-370d-42d3-98a7-8247b1302a2a,1
43955,1
22299,1
2c97937e-b4a3-4fc7-b0fe-7a480316cc56,0
40490,0
25882779-8c56-4c38-b0d7-f6da31a074f8,1
045dc700-dec9-4790-b724-3b841216333f,0
54769,1
65067,1
a54c1fc5-8f76-4808-9d19-3e6afc6c4bf4,1
47553,1
13000,1
2505,1
11684,1
9d257328-c6bd-42ce-9b76-32dbb22fcb7d,1
67754,1
12810,1
6039a197-fe62-477f-9689-be5ea1eeb9ab,0
48270,1
bb4987eb-3edd-484a-8f02-6a3b331b5a20,0
6306,1
42919,0
58103,1
64715,1
91560425-2b96-45ff-9413-4a881f7f5cfd,1
ea784d17-6a86-4c79-8b7a-29076a14ab04,1
1701c1b5-8a67-4077-a9f7-b7475cf68b92,1
d7a3a922-3423-42be-a309-b680d5ab35d2,0
10996,1
72335,1
65742,1
30920,1
67151,1
9395,1
70162,1
57534377-a27d-40da-850d-1112ad94b647,1
463356c6-842e-4c70-b767-491a3b743c7d,1
61750,1
73934,1
35485,1
25af004a-ffdf-42a8-b468-3f11bb33df88,0
5383bf54-430b-4b06-858e-26a343312035,0
38018,1
35449,1
3c730e24-8e4a-4590-8673-728985547773,1
19676,0
51424,1
10035,0
68091,1
c2c46265-63f9-423a-8007-ccd3b64b05de,1
58403,0
12428,1
34668,1
70a2c806-34ab-416f-a280-d84cb84d0972,0
7523168e-44ac-420a-85b8-e69ef47009ac,1
20290,1
63602,1
23968,1
47614,1
17474,1
14338,0
58453,1
905430ba-6183-4db6-aaa3-30b1d0d6d0aa,1
34444e67-ddeb-436e-a87d-4d8602285d8d,1
45367,1
28401,0
8343,1
8097,1
39095,1
34694,0
061f6d22-a48d-47e0-926a-3d2d39c04b5d,1
50137,1
17887,1
63631,1
43656,1
49305,1
02bb0962-d2c1-41a8-bf1c-07b3d1d7014c,1
36100,1
7f54641c-8d91-4017-85a8-3c4d698259b2,0
56080,1
73656,0
15650,1
69545,1
34587,0
69398,1
20935,0
64424,1
0862f8b6-5a5e-46fc-9199-4b06179723d5,1
20526,1
27226,1
6953,1
39913,1
7444,1
49753,1
8c634404-8139-4a8c-8565-8a69591cf2e4,1
41372,1
7b8a7293-3ff9-49cf-b320-b8243c3138a5,0
25362,1
37070,0
41155,1
64105,1
27359,1
71884,0
1d0964dc-480e-4e97-ae50-a22b7e02c2db,1
0d7fe690-eb86-44a6-a3fe-18c5d3f61dc0,1
58890,1
53780,1
33165,1
f66fea53-022b-4502-9cdc-a3c1d9599a17,1
126,1
5a6db7b9-d22e-42da-b9f6-5c01bbe88db5,1
73993,1
b2b38520-7394-4471-b9d1-74ed30d3edba,1
8932,1
32915,0
b84e6637-8972-4b5a-8cb4-e376e59752dc,1
3044,1
5671,1
d8df3894-2462-4317-9a57-22e553a608ea,1
41867,1
47341,1
11009,1
70867,1
4445,1
52207,1
15646,1
30285,0
6bb6baf8-9c73-4fd3-aee0-ed6c19134b57,1
19572,1
29529,1
17183,1
22579,1
66938,1
47118,1
47081,0
53094,1
39979,1
38635,0
24486,1
d11a9770-ab59-47ea-a80f-45f2e1c23c95,1
480c5201-8edb-4778-92d7-06d6f3a0b53d,1
0ff2513b-0b19-4d74-b97a-e43dd1065d95,1
8907,1
7a5a7afc-3655-4624-aac8-275d077dacaa,1
25245,1
15a51966-3bb5-4b28-8085-429591c9346a,1
67817,1
47527,1
33920,1
72184,1
48204,1
73690,1
45591,1
57160,1
98dc5faa-f0ec-41bc-adfb-da8e5e37259b,0
26041,1
59c188e5-14ea-4b25-a1a2-67ca3070ef9e,1
42a873cb-d896-4fbe-b388-e8d0900e8661,1
14339,1
57486,1
48825,1
28049,1
8889,1
52378,1
12911,1
2841,1
9da00551-9a60-4df4-a0e4-761562a20b83,1
47031,1
69139,1
55444,1
49171,1
14960,1
2089,1
52e3fc2f-0ad4-4db4-be4e-cc6a5319d91e,1
1b004189-1a10-4f82-b341-02438f4cdc91,1
12155,0
89a1e050-f19b-4c36-ad36-cacd7b11b432,0
41533,0
47357,1
c6feee0a-c989-4c27-8b10-b800fbc8912e,1
70938,1
af3f8ac3-92b8-435c-af96-895d93d8bcde,1
70818,1
42600,1
50064,1
23330,1
35991,1
48a4450b-9958-4f70-99e4-48abfedca77f,1
cb27c89b-3578-4472-a647-a171387bc0f8,1
ebc5b675-582b-44a7-80fc-153a0b4921b5,0
42808,1
15550,1
e7a6287e-d6e2-4ad8-a49d-b0eedc2d3053,1
39375,0
610515e3-6451-4374-bf8d-b857abb289d3,1
7290f78c-62fa-489b-a9df-da920942536e,1
23030,1
66221,1
55626,1
73538,1
24886,1
21450,1
3867,1
25001,1
8649,1
0da3bad0-b0da-40f9-b25c-f33d4ee2938b,0
68362,1
4421,0
17621,1
2bf1ad3f-aab0-4d63-80c8-1dbb762282e2,0
33894,1
40171,1
38477,1
2baa3729-985c-4dd3-aae2-97f9b4512ddd,1
50203,1
3776,1
46825,1
12cfae69-c0dd-49b3-ac94-aef781962c6a,1
53327,1
62194,1
56480,1
78f0d5bf-5d64-4aa1-be29-bdb3def166d7,1
70130,1
18396,1
67653,1
37099,0
d38e5b31-d70d-4629-9170-96f0c59355fd,1
2712fdfa-4930-436e-a36b-ffac1596d986,1
22225,1
54821,1
45509,1
499,1
2704,1
17274ca9-8875-497b-9b25-2f76296a235f,0
18816,1
c80f35f4-fbdd-4646-801e-c43e90bfc793,1
18573,1
10158,1
79,1
45910,0
6169,1
37494,1
48261,1
37413,1
8766,1
59511,1
61293,1
25292,1
42177,1
79f99fa7-e42a-4f5a-a996-2dc60b7e9bd6,1
35103,0
18398,1
34402,1
67618,0
31f362c6-0f33-47b4-9f83-4d79d413c7fd,0
35056,1
25252,1
53866,1
15711,1
25258,1
8779,1
53028,1
52396,1
61349,1
16160,1
39234,1
e66b1297-2ba1-4516-b0f3-a40a25e8052d,1
65843,0
6929,1
768c350f-d9ad-4886-9395-252d0e28a93f,1
41369,1
45956,1
33933,1
33634,0
29415,1
52240,1
69b64e65-5796-46c2-9f3f-257f4eab6379,1
bf50dc8c-4a53-4ac9-8646-87f8cb4ed2d2,1
26809,0
2329206a-b501-4d3a-b89c-f652d2541f83,0
38907,1
3c442476-2be9-43fc-ab63-9863ac24ccbf,1
0bb88e28-bbdf-4442-b1c7-4b027bbd6c58,0
41877,1
57889,1
42507,1
33589,1
f444942b-d99c-4cda-b8d9-3fd36ace93fc,0
ce08b665-ed29-4f92-94f8-823e21ec42c7,1
61240,1
67081,1
43318,1
15507,1
12396,0
38739,1
59b7b893-b795-44cf-8ed1-b60b999bfcff,0
c834280d-132e-40fd-b87a-a876155ca0b4,1
6dc19c50-d15f-4c0a-9247-1b9295eaac24,0
6182,1
42779,1
67693,1
52622,1
48409,1
bfec81c9-f1e6-443b-9a7e-ac554ccc6cc1,1
22142,1
57296,1
59345,1
59304,1
e8b8ab3c-3de2-4869-b282-78becd94763d,1
cc3a08a1-e5ec-4019-bc20-43eafe85f9e0,0
17830,1
0e4f084d-0d6d-4528-8224-5e4c55450f68,0
8b649935-1d2c-45c1-a8ff-09c3c97ab74a,0
30110,0
65579,0
11094,1
6dbc242a-acd8-4040-9651-f2aef0739904,0
d94b8690-f48f-4680-bf3f-a2c2385a6a4b,0
38267,1
02c967ef-8b11-4297-a5cd-c84bd5a2f4de,1
38555,1
42832,1
19182,0
69159,1
2944480b-677a-4b93-9cd7-5eaf9682f3ef,0
28616,1
47062,1
35340,1
71706,1
48660,1
40987,1
59779,1
83a403f1-6b03-425a-aa83-4eae6ac101eb,1
66428,0
34229,1
26158,1
1bc1b550-9e28-46e6-842c-6c97c0f1b72b,1
70872,1
42076,1
d8398a00-4196-45d6-a322-82e61f0db745,0
271,1
69771,1
7671,1
2712,0
78e618c7-ab58-4b1b-9bd9-2685c31ba94d,1
22452,1
405f9625-d8de-41cb-8029-c187077d3732,0
95ed7480-4f95-4d4c-b7bd-dabeb53789de,1
49469,1
52444,1
67632,1
9186,1
57066,1
31752,1
10067,0
72612,1
43212,1
8c13e0f8-15d2-4ecb-8acb-705b635cb823,0
36789,1
64340,1
60515,1
b4bbd1fd-cbf2-4484-bcfa-4f14bfbb3e12,0
51445,1
60435,1
85a7156c-9eb8-46f6-9245-27b5cf0e3696,1
69926,1
67292,0
a1c021db-5fd3-4124-8a7a-1c4ed8f66925,1
52666,0
68468,1
58567,0
508a2cd2-2289-4584-90b4-ad6bf405ca30,1
3855,0
65848,1
41410,1
58240,0
34827,1
32683,1
1274,1
46467,0
53188,1
57232,1
8739,1
b3071e8e-35ef-48bd-9336-a0075a03856b,1
58078,1
60789,1
66889,1
37694,1
546effab-2f5e-41d3-b858-0d8ae7ceda96,1
12528179-904d-4b1b-a6a3-95a207d55b8e,0
32049,1
d102bfb9-8607-43a1-b9db-8ca5d2ac9a30,0
312cde83-5318-4e80-9846-6639260ced0e,0
43794,0
87e1eb81-7e64-4626-9675-1425079809b9,1
48136,1
70673,1
69931,1
58742,1
65986,1
893,0
730,1
10583,1
dbaabaea-6e9c-487c-ad05-090c246477c6,1
14134,1
11893,1
45787,1
74737,1
35156,1
28667,1
33593,1
6177,1
64877,1
7203cbe9-fe8f-454e-b41d-ba8a21fe805d,1
53807,1
15526,1
2983bd7c-023d-4eee-8ebf-14840f34d060,1
36982,1
161bc8ce-c92c-4885-8523-cb0469d6ae77,0
47541,1
38498,1
2bba030a-6f11-4d23-9d45-71d3a362ccab,1
9b041919-3a67-4a22-85fa-05b1e186119c,1
4847,1
56318,1
19826,1
14783,1
43611,1
21294,1
4436,1
54302,1
4254,1
e5ce0828-acc9-4bfd-a075-831117a19f30,1
31645,0
39063,1
23311,1
32300,1
21680,1
15469,1
29636,0
31629,1
a49907a1-ad89-4c30-8b28-540be41af376,1
37288,0
45782,1
22054,0
b75821dc-bd44-4418-8bff-749ffb595f9d,1
28554,1
27713,1
35153,1
35592,1
73a74d60-e436-4adb-9ba2-9e0403ed7b3a,0
13542,1
35805,1
40661,1
69579,1
32,1
fd37367d-5f8d-4d4c-acaa-d7eb0c414e0e,0
24184,1
36327,1
58927,1
54272,1
c5f060c1-042c-47f7-9a47-f44bd608b32b,1
40631,1
28132f1c-dd0a-4a27-a4d4-0d7828411b45,1
18236,1
b57005f3-812a-43d0-9210-f6f14112759b,1
19687,1
71940ec2-075e-42e9-a73f-980ccafc6fc9,0
39623,1
26521c11-7086-4ba2-b6ec-579e7b11ceac,0
60793,1
26851,1
d215794f-6bf3-4e24-b348-53e2932104e1,1
47048,1
11766,1
f6a4167a-8896-4014-ba83-8b09ab51f06a,1
10482,1
8610,1
e6f52b99-fbe5-47ea-b40e-3bc0f92f983a,0
65486,0
1164c53b-a70a-43df-ba8a-8d5492bb1043,0
58148,1
1724,1
13202,0
4767,1
51a2e6c2-ccfe-4d89-92dd-77c0702a3545,0
082d6786-eae6-4859-a1f0-0b3d38893393,0
28e73ba3-f316-4203-aede-6bf77ce4d6c5,1
3a74d4b5-5eea-4da6-8c6a-66b96b891442,1
19752,1
476d88cd-7a99-4edf-9a8c-c0bb78f22c11,1
15000,0
35379,1
59772,1
586,1
15546,1
5829,1
11881,1
43038,1
f83c1179-8dc6-4db6-aab0-8a89a0136a30,1
4466,1
42904,1
ea45e942-f515-42ce-a2b9-d48e3f0c46ee,1
bce81e26-7027-4d11-ad27-745774c67af8,1
62227,1
21872,0
57454,1
24684,0
13567,1
34046642-49c7-4032-998d-4787f9a0d822,0
19598,1
60669,1
99301a2d-428b-4b28-a5bf-c3c0c78942a4,1
56800,1
0d60a503-b4df-4464-8acf-09af19a73b16,1
2b474a7d-2aae-455d-aaba-aab774e82317,1
40692,1
57931,1
38007,1
74663,1
649,1
54397,1
0f6f58e4-c90c-4ca5-956b-2027025e3966,1
f39a5031-a38c-4e74-b427-dfe6a17fabac,0
14551,1
38168,1
26226,1
67334,1
27747,1
34555,1
52209,0
24810,1
21684,1
61958,1
5631,1
64058,1
5849,1
57172,0
16648,0
4f786de5-c2e0-4ad1-99d1-252552c3e6bc,1
6001,1
44619,1
013468fb-58cc-4774-b976-fc140a73c4b3,1
f246568f-fe9a-4536-98a5-dbce0cdbcf8d,1
73458,1
11744,1
2ac50707-455f-42af-88a1-bb17d8460ab9,0
57906,1
17565,0
223a69fb-cf46-4d84-b15a-169bba478a76,1
16640,1
46390015-7706-4792-b8d8-900021a5dd68,0
23813,1
625237be-ed74-4d5a-a5f6-c1dc68e215ea,1
72690,1
11412,1
46297,0
25100,0
62703,1
56ef372e-0d10-4913-8bb7-29f20e8cdad3,1
ddd78b4b-c41e-4e04-9585-b35ea4ea9332,0
5afef660-b093-4f31-8e6d-3292137c42f5,0
3462,0
4c01e2c2-58ba-4996-8ee1-73d0bd9392fd,0
a80d79ab-9da9-4c8c-a673-e7b26d56aecb,1
a37d8b7b-47b0-4e66-910b-4ced525e2d87,0
16bd07f2-3062-4b6c-959e-88fe4aa53901,1
55661,1
16048,1
7100,1
3307,0
68759,1
1964f78b-2950-4255-8a28-95ac2a66e097,0
71b4ef55-24ac-4e16-904d-28509600800c,1
ce38c7bc-592a-4abf-9081-0ba3f777b25c,0
52908,1
48915,1
f0fc25a8-243c-4f12-92a3-22cafd04de8f,1
39694,1
14140,0
58b03a6b-6cad-44c7-b143-9a6844f52cc5,1
31797,1
28753,1
5dd98e72-1135-4724-926e-d2dea87f1e8e,1
64846,1
6578,1
53513,1
39200,0
f62bbc00-2ac4-4ab4-bb1f-58c720129ddd,1
23543,1
71099,1
a5b86bca-6858-46ce-9c51-bce8ffde5032,1
72552,1
42548,1
51496,1
5cc3caf3-96ae-4e6e-b84b-c2087442b065,1
15813,1
12687,1
58631,1
45063,1
21281,1
74432,1
480d8264-5a7e-45d7-8e41-e81cdc8e4657,0
15436,1
51924,0
d9dea592-9702-47c0-b7b9-671479c0c38b,0
bfa3ebbf-9fb0-4eaa-adc1-e76afebe65d5,0
34ae4dd8-00c8-4d82-b42a-58f46bcb8856,1
c70e1919-ce1e-4786-a2ea-f878b5986a7e,1
02d444f3-05da-47af-8ee1-5336972c3b2f,1
b703ef04-d7a9-4364-a492-785879b34a6e,0
35069,1
52579,1
13034,1
52070,1
63337,1
4598,1
14597,1
26410,1
63386,1
bb808eb4-7830-4ffd-bb7c-7310396260cd,1
58331,1
18625,1
51411,1
65406,0
10a3c105-b5cc-4578-97a4-7d717c38d47d,1
6db8d33c-f68c-4399-b9c6-468ae909260e,1
51990,1
6f135353-1854-46e9-9f45-b7f3321ce7a3,1
51305,1
12154,1
20446,1
34449,0
23636,0
10655,1
60447,1
11be2c7e-908b-492f-bbe5-c1d48d292b6e,0
5d0bb482-9dcb-469d-892c-5f2bc8f48817,1
19523,1
33817,1
6550,1
18314,0
31426,0
46065,1
c06dad86-57a8-470d-82b8-817a055d17dc,1
8a3028fe-ed58-4de7-9787-cefbb7d1bbe6,0
11067,1
5591,0
27318,1
21235,1
47819,0
60286,1
7c590a2d-a707-4d81-847c-251ca076e174,1
32939,1
59493,1
42195,1
2b140e77-d7ed-4078-b19d-b436226fb077,0
19536,0
7c42f2ff-fb08-4933-9790-e5f227ce3cf5,1
27915,1
60475,0
34289,0
26837,1
2e611b6f-96b5-4816-ae3b-de42688bd248,1
f3df1a83-86ff-4729-8b34-5f04e71391d5,0
56141,1
9c090016-1c0b-4ee4-8037-0dc5dcab7278,0
47150,1
68119,1
31025,1
59458,1
51741,1
4505,1
29a78661-981d-4a0f-9400-210107a5170e,1
381ccee5-e6d0-4b1a-ad2c-e38dfe592447,1
37038,1
19df7555-a7f4-41be-b3ab-8bf64bb1a926,1
74565,1
25518,1
20765,1
22072,1
61971,1
2d28b4f9-070e-4b62-8d59-f2161d0a653d,1
861ee3d0-20a1-40c3-9aa9-411237a36438,1
11808,1
60677,0
46257,1
39854,1
edbfb8d6-63a3-46ca-ac3a-de2d7aae88eb,1
58943,1
11088,0
9752dee7-6371-4272-b4c3-a112333128af,1
42523,1
18413,1
11175,1
61911,1
37206,1
28c0c6be-14cc-4e08-81bf-0351cad3bbc0,0
58717,1
36318,1
a6f5975f-ef2b-47b0-b91e-3ee13ee9a68c,1
b1092e4c-e5fe-496e-bb47-1da71239688d,1
44538,1
42673,1
6c062638-f317-4e29-8e36-1ec8ff60590b,1
35965,1
69669,1
26895,1
55072,1
73528,1
35265,1
7765,1
9e0219c2-06e6-4772-b874-0150c9700ad5,1
8bb29374-0afc-4200-8277-26b5cca9dac2,0
e6cdb068-01ac-48c1-a78c-3ead476b7c40,1
8fa2038e-309b-40f0-8814-1a06e3abda55,0
12690,1
34742,1
36087,1
d0afa4ee-c1ca-4c88-baa0-7fcaf602cf2b,1
976fc83d-4dd6-41cd-abc3-43b53de87cc7,1
17334,1
44941,1
832790cb-fc8f-406d-9bab-ff7105b986bb,0
518d311d-0452-4315-96dd-be36be4bcdaf,0
19030,1
27468,1
349,1
716,1
53592,1
59099,1
8815,1
c963f3e3-286c-40d6-8efc-5f1fd2267262,1
12394,1
51409,1
62488,1
25779,1
14903,1
25206,1
2e6c243e-9cdf-450c-849f-52424d965ed7,1
41587,1
71246,1
3607,1
67132,1
5775,1
14415,1
6171,1
db40d1a9-577a-45c8-89f5-9f87f21a4192,1
29468,0
a990e143-b6a4-4929-aedc-183a0ab56de5,1
58488,1
18690,1
41025,1
31929,0
62353,1
2aeb4732-3eeb-407a-a5d7-79f8f9f40b3f,0
eddde663-c6f8-4bde-a228-34edf2748f51,1
ca680781-3180-450d-9382-4be56a57d4bb,1
42544,1
50692,1
f0378365-bafb-4369-b09a-ee617a5e5958,1
eef58a4e-7204-400c-a8a0-f1c4b53cb0cc,0
60692,1
4a822a75-f158-49ff-a441-813fab025b43,1
14450,1
29594,1
3f455d93-8528-4e96-ab58-43b0bb34565d,0
69789,1
e003278f-ec69-48ae-8031-8e587b151815,1
43f50b43-be73-4dc4-8e27-a71e4d03c7b0,0
2f6fb38a-683e-4884-854e-2bb0278e86c9,1
128d88b3-ea62-4f3e-b1dd-60383faa7bb7,0
48175,1
920,1
58657,0
7828a997-87e0-4300-b59a-0575b90a62ec,1
b10fba19-c377-4cde-8ce9-9f509e83b3db,0
54462,1
50883,1
29516,1
69066,1
63419b6e-7d45-42fe-8914-32c40a063597,0
16923,1
8f7839a3-8a93-44e2-8064-fe793841cc9f,0
47289,1
2078,1
32697,1
49272,1
74016,1
a089d800-6e18-44b2-bbae-a41e4215dfe8,1
45510,1
33467,1
24352,1
c81d87f6-1cee-45b2-8fff-625f6b22bfcf,1
57054,1
18954,1
14350,1
52719,0
4d09325a-020c-486d-8199-2ba7d928324d,1
48242,1
8f51a558-13d2-42cd-9bdb-54aea6d8a61f,0
2520,1
a5bf38e0-6044-4dc5-9e75-3caaf13d65bd,1
4c564dcb-ca45-43a2-9524-6ff551ae2c83,1
46841,0
705,1
34017,1
59014,1
b63ce745-91f3-4d87-bb8e-ee5f7edee8c5,0
13107,1
5e4fbf1f-554b-4e88-b775-60f462ca58f7,0
1ffd5d4f-f32d-45a1-8762-9e5fae751bd6,1
b1f88cd9-5b65-43ac-a0cd-c7bc6a40b9e4,1
41800,1
7c057266-438b-4223-8344-73ab7a48fe88,0
24e528dd-0cdb-4099-be40-96916a1be0ae,0
01b5b958-90fd-4a87-95d1-6733f8e652e9,1
40410,1
21049,1
46697,1
23489db4-5052-4af7-bc96-5f6ae9d5330a,1
48117,1
72462,1
44222,1
12cf1fb4-a565-4a54-a2e3-793f4147c3da,1
19933,0
23302,1
c4900a29-48e6-4d6c-b042-0c431d3cc40b,1
35037,1
51273,1
68436,1
5272,1
8324,1
31037,1
e67f8a3e-00c2-4862-af6d-1330a2ea0e81,0
31516,1
6ec30f47-f9d7-4eaf-90a4-e2c0bc0b4309,1
7828,1
19247,0
28795,1
47024,0
edc700f7-6041-41d1-9441-de57e638fe65,0
43772,1
b6b9d289-2325-47ed-a5be-531c493ee5cc,1
18697,1
13265,1
27000,1
16616,1
32444,1
9974,1
25268,1
70eecd88-b6f7-4310-904a-6e0ddccc6773,1
68866,1
812b05af-5c46-4ca2-a901-ece9dfe36089,1
38494,1
b99fe5db-c858-4506-bc66-8d02728b109c,0
24813,0
1d31af05-a396-4d0a-9549-c7d8f12e8585,0
65950,1
43069,1
e12f02a8-c83f-458f-8bdc-1d8e6137e4d0,1
5393,1
33981,1
7480,1
df4b0bf5-db9a-407f-a32c-ecac658b7eee,1
27456,0
a5cdef78-dae4-4eb0-9a94-c31540633d44,0
44182,1
67220,1
13701,1
9357,1
59425,1
1859,1
35203,1
29739,1
66759,1
37426,1
69864,1
22500,0
5520,1
9b823480-bd28-4804-8427-9d06819a2505,0
38493,1
4912,1
06c5db71-7a76-4a83-b30c-20e9f73d2ee2,1
42799,0
18502,1
20779,1
56119,1
30716,1
15971,1
26107,1
54749,1
58355,0
26401,1
60353,1
33701,1
104b0f69-4377-483f-a007-1de3e6154ab1,1
376,0
65883,1
22418,0
24423,0
46747,1
4ab45f0e-1238-4c6e-9fec-b45aad04b22e,1
73126,1
33538,1
7146,1
5cbf0d22-a83b-4a68-ace8-8ba94b445dde,0
49422,1
330caa50-410c-48ef-8e46-8e48ff748bbe,1
6925,1
31000,1
6998,1
50306,0
067775fd-e0ed-44b9-9bf9-c8a65b520939,1
5615,1
15780,1
083cfed4-3b2c-4382-874c-80e7824a1000,1
c081c7ef-5faf-453c-a281-7b649ac1a1d2,0
15091,1
25042,0
22722,1
0507a74f-64fa-4642-9755-02649d51888f,1
53114,1
7447,1
2039,1
10318,1
8239,1
43150,0
223eded3-5812-4e93-8d64-b17cb66bed85,1
e9a9a5da-f3d0-44b5-ae69-126804bba9d6,0
5d272f63-ab09-474c-9401-ce76c4ac9915,1
66831,1
c4e7b36a-e557-4a72-bb8e-7321beaaff64,1
69705,1
9f92fcb1-d00b-4640-bd3f-8ffee4385ff6,1
53106,0
57512,1
74595,1
c2045e06-7958-49c8-9ab6-ba0587841649,1
22250,0
59453,1
48646,1
05c6a3ef-4130-496a-aafb-6484fd36976d,1
56cd6719-c7c9-47d3-af41-6336124f84ce,1
35936,1
39265,1
54713,1
8421,1
34bbac9d-53a2-448d-beaf-f0411e110309,1
14563,1
cf0906b3-8f21-42da-acc8-8bb33c82d74b,0
32917,1
55151,1
29076,1
18336,0
c259ade9-8369-4a85-a520-8294336a214c,0
46280,1
45136,1
27408,1
11276,1
25021,1
30246,1
13792,0
1be98cda-ef55-4202-8c46-0c4148c9abaf,1
1d3dc87b-bd77-4885-8f13-326926036e13,1
3651,1
863,0
17869,1
35735,0
28708,1
9f190436-3aa5-4a12-a871-faae43f72365,0
58521,1
c92f1256-f018-4568-950f-b821b97f97c4,0
14535,1
20413,1
0220b5f9-82e3-4e68-98a1-fdf27e859d38,0
053771c2-b0dc-44e2-b111-6683be4affdb,1
327a26e3-1029-4f30-9da9-c3870b90f124,0
35289,1
67373,1
7273be33-f3f0-40b5-9a39-65b1786027ef,1
20111,0
18307,1
25512,1
7e12ba9a-fb09-4d99-b8b8-b50a6eae87b6,1
4197e497-759c-4216-8d45-91cc43888904,1
2055,1
afef97a7-885d-4957-b0fc-94057629bf9d,1
a26d3092-8edf-458c-926c-fa381f9cb2d2,0
643b02ab-a628-4ebf-9ed3-e318b924251d,0
59250,1
d522a3f6-ef9e-4292-b7bb-f5e7cfb41ba6,1
24001,1
10408,1
66391,0
5cd86083-dc5f-4879-bc6e-dedb905e2529,1
7130,1
60867,1
21808,0
27871,0
16319,1
8753,1
56388fc5-0356-41ae-a746-53a4e1389eb3,1
41687,1
cb92487f-e650-4fac-ade7-6203cb51b63c,1
8246,1
a6f9df7e-c6ad-46ef-8391-9919dafe3276,0
10826,1
58217,0
13128,0
56052,1
36149,1
43341,1
44168,1
14a767fb-5092-4118-9d31-d678282db3b7,1
f63d2eeb-3f67-465d-8e14-83bc29cd1f05,1
7313,1
44034,1
65037,1
52349,1
3d727723-f0c7-44b2-a2fc-742322e92aac,1
375d8ce0-ac03-445d-a2ed-e3fb36b3b022,1
3483,0
7956,0
65098,1
3ff9ba58-a9e5-40a9-b15b-8e04b5b0c53d,1
ca28acb2-5549-4f16-b259-53d0b11e44f8,0
74414,1
63068,1
30474,0
44572,1
5516da67-e5a0-4f8b-9b40-a20e933f8ffd,1
38892,1
f071994d-9ef0-48ae-bac2-aa36a7026aba,1
59141,1
8add59d3-75ac-461f-94f8-d930c17ae6bc,0
72144,1
6e1faea8-14fd-419e-a64d-5d46663f0f7d,1
41358,1
58431,0
73816,0
9e8e30af-ab27-4d01-b15c-c14bc311ab0c,0
52528,1
0a0c71fc-42fd-4868-8ba0-aa9101293883,0
58576,0
151d49d9-69ad-496f-bce1-935586964c7c,1
55197,1
62529,1
65440,1
56993e15-7453-4815-b389-18ae5d135401,1
d1a52734-6cd5-4d36-b1e2-f3e141430adc,1
06444592-8cc5-487a-b7dc-1f4747561976,0
31914,1
c5278cb5-ac51-4853-a0d7-1fc4d35b7e28,1
14038,0
24293,0
72583,1
67070,1
